This is pdfTeX, Version 3.141592653-2.6-1.40.25 (TeX Live 2023/Debian) (preloaded format=pdflatex 2025.6.13)  31 MAR 2026 15:31
entering extended mode
 \write18 enabled.
 file:line:error style messages enabled.
 %&-line parsing enabled.
**/home/jeff/Documents/IUTOrsay/1-Cours/4p13-Alliages/Cours-TD/n-3-Lecture&Utilisation_Binaires&Ternaires/main
(/home/jeff/Documents/IUTOrsay/1-Cours/4p13-Alliages/Cours-TD/n-3-Lecture&Utilisation_Binaires&Ternaires/main.tex
LaTeX2e <2023-11-01> patch level 1
L3 programming layer <2024-01-22>
(/usr/share/texlive/texmf-dist/tex/latex/base/book.cls
Document Class: book 2023/05/17 v1.4n Standard LaTeX document class
(/usr/share/texlive/texmf-dist/tex/latex/base/bk10.clo
File: bk10.clo 2023/05/17 v1.4n Standard LaTeX file (size option)
)
\c@part=\count187
\c@chapter=\count188
\c@section=\count189
\c@subsection=\count190
\c@subsubsection=\count191
\c@paragraph=\count192
\c@subparagraph=\count193
\c@figure=\count194
\c@table=\count195
\abovecaptionskip=\skip48
\belowcaptionskip=\skip49
\bibindent=\dimen140
) (./Lecture.sty
Package: Lecture 
 (/usr/share/texlive/texmf-dist/tex/latex/base/inputenc.sty
Package: inputenc 2021/02/14 v1.3d Input encoding file
\inpenc@prehook=\toks17
\inpenc@posthook=\toks18
) (/usr/share/texlive/texmf-dist/tex/latex/opensans/opensans.sty
Package: opensans 2019/06/20 Style file for Open Sans.
 (/usr/share/texlive/texmf-dist/tex/latex/fontaxes/fontaxes.sty
Package: fontaxes 2020/07/21 v1.0e Font selection axes
LaTeX Info: Redefining \upshape on input line 29.
LaTeX Info: Redefining \itshape on input line 31.
LaTeX Info: Redefining \slshape on input line 33.
LaTeX Info: Redefining \swshape on input line 35.
LaTeX Info: Redefining \scshape on input line 37.
LaTeX Info: Redefining \sscshape on input line 39.
LaTeX Info: Redefining \ulcshape on input line 41.
LaTeX Info: Redefining \textsw on input line 47.
LaTeX Info: Redefining \textssc on input line 48.
LaTeX Info: Redefining \textulc on input line 49.
) (/usr/share/texlive/texmf-dist/tex/generic/iftex/ifluatex.sty
Package: ifluatex 2019/10/25 v1.5 ifluatex legacy package. Use iftex instead.
 (/usr/share/texlive/texmf-dist/tex/generic/iftex/iftex.sty
Package: iftex 2022/02/03 v1.0f TeX engine tests
)) (/usr/share/texlive/texmf-dist/tex/generic/iftex/ifxetex.sty
Package: ifxetex 2019/10/25 v0.7 ifxetex legacy package. Use iftex instead.
) (/usr/share/texlive/texmf-dist/tex/latex/xkeyval/xkeyval.sty
Package: xkeyval 2022/06/16 v2.9 package option processing (HA)
 (/usr/share/texlive/texmf-dist/tex/generic/xkeyval/xkeyval.tex (/usr/share/texlive/texmf-dist/tex/generic/xkeyval/xkvutils.tex
\XKV@toks=\toks19
\XKV@tempa@toks=\toks20
 (/usr/share/texlive/texmf-dist/tex/generic/xkeyval/keyval.tex))
\XKV@depth=\count196
File: xkeyval.tex 2014/12/03 v2.7a key=value parser (HA)
))) (/usr/share/texlive/texmf-dist/tex/latex/base/fontenc.sty
Package: fontenc 2021/04/29 v2.0v Standard LaTeX package
LaTeX Font Info:    Trying to load font information for T1+opensans-TOsF on input line 112.
 (/usr/share/texlive/texmf-dist/tex/latex/opensans/T1opensans-TOsF.fd
File: T1opensans-TOsF.fd 2019/06/24 Font definitions for T1/opensans-TOsF.
)
LaTeX Font Info:    Font shape `T1/opensans-TOsF/m/n' will be
(Font)              scaled to size 9.49997pt on input line 112.
) (/usr/share/texlive/texmf-dist/tex/generic/babel/babel.sty
Package: babel 2024/01/07 v24.1 The Babel package
\babel@savecnt=\count197
\U@D=\dimen141
\l@unhyphenated=\language13
 (/usr/share/texlive/texmf-dist/tex/generic/babel/txtbabel.def)
\bbl@readstream=\read2
\bbl@dirlevel=\count198
 (/usr/share/texlive/texmf-dist/tex/generic/babel-french/french.ldf
Language: french 2023-12-19 v3.5r French support from the babel system
Package babel Info: Hyphen rules for 'acadian' set to \l@french
(babel)             (\language12). Reported on input line 91.
Package babel Info: Hyphen rules for 'canadien' set to \l@french
(babel)             (\language12). Reported on input line 92.
\FB@stdchar=\count199
Package babel Info: Making : an active character on input line 420.
Package babel Info: Making ; an active character on input line 421.
Package babel Info: Making ! an active character on input line 422.
Package babel Info: Making ? an active character on input line 423.
\FBguill@level=\count266
\FBold@everypar=\toks21
\FB@Mht=\dimen142
\mc@charclass=\count267
\mc@charfam=\count268
\mc@charslot=\count269
\std@mcc=\count270
\dec@mcc=\count271
\FB@parskip=\dimen143
\listindentFB=\dimen144
\descindentFB=\dimen145
\labelindentFB=\dimen146
\labelwidthFB=\dimen147
\leftmarginFB=\dimen148
\parindentFFN=\dimen149
\FBfnindent=\dimen150
)) (/usr/share/texlive/texmf-dist/tex/generic/babel/locale/fr/babel-french.tex
Package babel Info: Importing font and identification data for french
(babel)             from babel-fr.ini. Reported on input line 11.
) (/usr/share/texlive/texmf-dist/tex/latex/carlisle/scalefnt.sty) (/usr/share/texlive/texmf-dist/tex/generic/chemfig/chemfig.sty (/usr/share/texlive/texmf-dist/tex/latex/pgf/frontendlayer/tikz.sty (/usr/share/texlive/texmf-dist/tex/latex/pgf/basiclayer/pgf.sty (/usr/share/texlive/texmf-dist/tex/latex/pgf/utilities/pgfrcs.sty (/usr/share/texlive/texmf-dist/tex/generic/pgf/utilities/pgfutil-common.tex
\pgfutil@everybye=\toks22
\pgfutil@tempdima=\dimen151
\pgfutil@tempdimb=\dimen152
) (/usr/share/texlive/texmf-dist/tex/generic/pgf/utilities/pgfutil-latex.def
\pgfutil@abb=\box51
) (/usr/share/texlive/texmf-dist/tex/generic/pgf/utilities/pgfrcs.code.tex (/usr/share/texlive/texmf-dist/tex/generic/pgf/pgf.revision.tex)
Package: pgfrcs 2023-01-15 v3.1.10 (3.1.10)
))
Package: pgf 2023-01-15 v3.1.10 (3.1.10)
 (/usr/share/texlive/texmf-dist/tex/latex/pgf/basiclayer/pgfcore.sty (/usr/share/texlive/texmf-dist/tex/latex/graphics/graphicx.sty
Package: graphicx 2021/09/16 v1.2d Enhanced LaTeX Graphics (DPC,SPQR)
 (/usr/share/texlive/texmf-dist/tex/latex/graphics/graphics.sty
Package: graphics 2022/03/10 v1.4e Standard LaTeX Graphics (DPC,SPQR)
 (/usr/share/texlive/texmf-dist/tex/latex/graphics/trig.sty
Package: trig 2021/08/11 v1.11 sin cos tan (DPC)
) (/usr/share/texlive/texmf-dist/tex/latex/graphics-cfg/graphics.cfg
File: graphics.cfg 2016/06/04 v1.11 sample graphics configuration
)
Package graphics Info: Driver file: pdftex.def on input line 107.
 (/usr/share/texlive/texmf-dist/tex/latex/graphics-def/pdftex.def
File: pdftex.def 2022/09/22 v1.2b Graphics/color driver for pdftex
))
\Gin@req@height=\dimen153
\Gin@req@width=\dimen154
) (/usr/share/texlive/texmf-dist/tex/latex/pgf/systemlayer/pgfsys.sty (/usr/share/texlive/texmf-dist/tex/generic/pgf/systemlayer/pgfsys.code.tex
Package: pgfsys 2023-01-15 v3.1.10 (3.1.10)
 (/usr/share/texlive/texmf-dist/tex/generic/pgf/utilities/pgfkeys.code.tex
\pgfkeys@pathtoks=\toks23
\pgfkeys@temptoks=\toks24
 (/usr/share/texlive/texmf-dist/tex/generic/pgf/utilities/pgfkeyslibraryfiltered.code.tex
\pgfkeys@tmptoks=\toks25
))
\pgf@x=\dimen155
\pgf@y=\dimen156
\pgf@xa=\dimen157
\pgf@ya=\dimen158
\pgf@xb=\dimen159
\pgf@yb=\dimen160
\pgf@xc=\dimen161
\pgf@yc=\dimen162
\pgf@xd=\dimen163
\pgf@yd=\dimen164
\w@pgf@writea=\write3
\r@pgf@reada=\read3
\c@pgf@counta=\count272
\c@pgf@countb=\count273
\c@pgf@countc=\count274
\c@pgf@countd=\count275
\t@pgf@toka=\toks26
\t@pgf@tokb=\toks27
\t@pgf@tokc=\toks28
\pgf@sys@id@count=\count276
 (/usr/share/texlive/texmf-dist/tex/generic/pgf/systemlayer/pgf.cfg
File: pgf.cfg 2023-01-15 v3.1.10 (3.1.10)
)
Driver file for pgf: pgfsys-pdftex.def
 (/usr/share/texlive/texmf-dist/tex/generic/pgf/systemlayer/pgfsys-pdftex.def
File: pgfsys-pdftex.def 2023-01-15 v3.1.10 (3.1.10)
 (/usr/share/texlive/texmf-dist/tex/generic/pgf/systemlayer/pgfsys-common-pdf.def
File: pgfsys-common-pdf.def 2023-01-15 v3.1.10 (3.1.10)
))) (/usr/share/texlive/texmf-dist/tex/generic/pgf/systemlayer/pgfsyssoftpath.code.tex
File: pgfsyssoftpath.code.tex 2023-01-15 v3.1.10 (3.1.10)
\pgfsyssoftpath@smallbuffer@items=\count277
\pgfsyssoftpath@bigbuffer@items=\count278
) (/usr/share/texlive/texmf-dist/tex/generic/pgf/systemlayer/pgfsysprotocol.code.tex
File: pgfsysprotocol.code.tex 2023-01-15 v3.1.10 (3.1.10)
)) (/usr/share/texlive/texmf-dist/tex/latex/xcolor/xcolor.sty
Package: xcolor 2023/11/15 v3.01 LaTeX color extensions (UK)
 (/usr/share/texlive/texmf-dist/tex/latex/graphics-cfg/color.cfg
File: color.cfg 2016/01/02 v1.6 sample color configuration
)
Package xcolor Info: Driver file: pdftex.def on input line 274.
 (/usr/share/texlive/texmf-dist/tex/latex/graphics/mathcolor.ltx)
Package xcolor Info: Model `cmy' substituted by `cmy0' on input line 1350.
Package xcolor Info: Model `hsb' substituted by `rgb' on input line 1354.
Package xcolor Info: Model `RGB' extended on input line 1366.
Package xcolor Info: Model `HTML' substituted by `rgb' on input line 1368.
Package xcolor Info: Model `Hsb' substituted by `hsb' on input line 1369.
Package xcolor Info: Model `tHsb' substituted by `hsb' on input line 1370.
Package xcolor Info: Model `HSB' substituted by `hsb' on input line 1371.
Package xcolor Info: Model `Gray' substituted by `gray' on input line 1372.
Package xcolor Info: Model `wave' substituted by `hsb' on input line 1373.
) (/usr/share/texlive/texmf-dist/tex/generic/pgf/basiclayer/pgfcore.code.tex
Package: pgfcore 2023-01-15 v3.1.10 (3.1.10)
 (/usr/share/texlive/texmf-dist/tex/generic/pgf/math/pgfmath.code.tex (/usr/share/texlive/texmf-dist/tex/generic/pgf/math/pgfmathutil.code.tex) (/usr/share/texlive/texmf-dist/tex/generic/pgf/math/pgfmathparser.code.tex
\pgfmath@dimen=\dimen165
\pgfmath@count=\count279
\pgfmath@box=\box52
\pgfmath@toks=\toks29
\pgfmath@stack@operand=\toks30
\pgfmath@stack@operation=\toks31
) (/usr/share/texlive/texmf-dist/tex/generic/pgf/math/pgfmathfunctions.code.tex) (/usr/share/texlive/texmf-dist/tex/generic/pgf/math/pgfmathfunctions.basic.code.tex) (/usr/share/texlive/texmf-dist/tex/generic/pgf/math/pgfmathfunctions.trigonometric.code.tex) (/usr/share/texlive/texmf-dist/tex/generic/pgf/math/pgfmathfunctions.random.code.tex) (/usr/share/texlive/texmf-dist/tex/generic/pgf/math/pgfmathfunctions.comparison.code.tex) (/usr/share/texlive/texmf-dist/tex/generic/pgf/math/pgfmathfunctions.base.code.tex) (/usr/share/texlive/texmf-dist/tex/generic/pgf/math/pgfmathfunctions.round.code.tex) (/usr/share/texlive/texmf-dist/tex/generic/pgf/math/pgfmathfunctions.misc.code.tex) (/usr/share/texlive/texmf-dist/tex/generic/pgf/math/pgfmathfunctions.integerarithmetics.code.tex) (/usr/share/texlive/texmf-dist/tex/generic/pgf/math/pgfmathcalc.code.tex) (/usr/share/texlive/texmf-dist/tex/generic/pgf/math/pgfmathfloat.code.tex
\c@pgfmathroundto@lastzeros=\count280
)) (/usr/share/texlive/texmf-dist/tex/generic/pgf/math/pgfint.code.tex) (/usr/share/texlive/texmf-dist/tex/generic/pgf/basiclayer/pgfcorepoints.code.tex
File: pgfcorepoints.code.tex 2023-01-15 v3.1.10 (3.1.10)
\pgf@picminx=\dimen166
\pgf@picmaxx=\dimen167
\pgf@picminy=\dimen168
\pgf@picmaxy=\dimen169
\pgf@pathminx=\dimen170
\pgf@pathmaxx=\dimen171
\pgf@pathminy=\dimen172
\pgf@pathmaxy=\dimen173
\pgf@xx=\dimen174
\pgf@xy=\dimen175
\pgf@yx=\dimen176
\pgf@yy=\dimen177
\pgf@zx=\dimen178
\pgf@zy=\dimen179
) (/usr/share/texlive/texmf-dist/tex/generic/pgf/basiclayer/pgfcorepathconstruct.code.tex
File: pgfcorepathconstruct.code.tex 2023-01-15 v3.1.10 (3.1.10)
\pgf@path@lastx=\dimen180
\pgf@path@lasty=\dimen181
) (/usr/share/texlive/texmf-dist/tex/generic/pgf/basiclayer/pgfcorepathusage.code.tex
File: pgfcorepathusage.code.tex 2023-01-15 v3.1.10 (3.1.10)
\pgf@shorten@end@additional=\dimen182
\pgf@shorten@start@additional=\dimen183
) (/usr/share/texlive/texmf-dist/tex/generic/pgf/basiclayer/pgfcorescopes.code.tex
File: pgfcorescopes.code.tex 2023-01-15 v3.1.10 (3.1.10)
\pgfpic=\box53
\pgf@hbox=\box54
\pgf@layerbox@main=\box55
\pgf@picture@serial@count=\count281
) (/usr/share/texlive/texmf-dist/tex/generic/pgf/basiclayer/pgfcoregraphicstate.code.tex
File: pgfcoregraphicstate.code.tex 2023-01-15 v3.1.10 (3.1.10)
\pgflinewidth=\dimen184
) (/usr/share/texlive/texmf-dist/tex/generic/pgf/basiclayer/pgfcoretransformations.code.tex
File: pgfcoretransformations.code.tex 2023-01-15 v3.1.10 (3.1.10)
\pgf@pt@x=\dimen185
\pgf@pt@y=\dimen186
\pgf@pt@temp=\dimen187
) (/usr/share/texlive/texmf-dist/tex/generic/pgf/basiclayer/pgfcorequick.code.tex
File: pgfcorequick.code.tex 2023-01-15 v3.1.10 (3.1.10)
) (/usr/share/texlive/texmf-dist/tex/generic/pgf/basiclayer/pgfcoreobjects.code.tex
File: pgfcoreobjects.code.tex 2023-01-15 v3.1.10 (3.1.10)
) (/usr/share/texlive/texmf-dist/tex/generic/pgf/basiclayer/pgfcorepathprocessing.code.tex
File: pgfcorepathprocessing.code.tex 2023-01-15 v3.1.10 (3.1.10)
) (/usr/share/texlive/texmf-dist/tex/generic/pgf/basiclayer/pgfcorearrows.code.tex
File: pgfcorearrows.code.tex 2023-01-15 v3.1.10 (3.1.10)
\pgfarrowsep=\dimen188
) (/usr/share/texlive/texmf-dist/tex/generic/pgf/basiclayer/pgfcoreshade.code.tex
File: pgfcoreshade.code.tex 2023-01-15 v3.1.10 (3.1.10)
\pgf@max=\dimen189
\pgf@sys@shading@range@num=\count282
\pgf@shadingcount=\count283
) (/usr/share/texlive/texmf-dist/tex/generic/pgf/basiclayer/pgfcoreimage.code.tex
File: pgfcoreimage.code.tex 2023-01-15 v3.1.10 (3.1.10)
) (/usr/share/texlive/texmf-dist/tex/generic/pgf/basiclayer/pgfcoreexternal.code.tex
File: pgfcoreexternal.code.tex 2023-01-15 v3.1.10 (3.1.10)
\pgfexternal@startupbox=\box56
) (/usr/share/texlive/texmf-dist/tex/generic/pgf/basiclayer/pgfcorelayers.code.tex
File: pgfcorelayers.code.tex 2023-01-15 v3.1.10 (3.1.10)
) (/usr/share/texlive/texmf-dist/tex/generic/pgf/basiclayer/pgfcoretransparency.code.tex
File: pgfcoretransparency.code.tex 2023-01-15 v3.1.10 (3.1.10)
) (/usr/share/texlive/texmf-dist/tex/generic/pgf/basiclayer/pgfcorepatterns.code.tex
File: pgfcorepatterns.code.tex 2023-01-15 v3.1.10 (3.1.10)
) (/usr/share/texlive/texmf-dist/tex/generic/pgf/basiclayer/pgfcorerdf.code.tex
File: pgfcorerdf.code.tex 2023-01-15 v3.1.10 (3.1.10)
))) (/usr/share/texlive/texmf-dist/tex/generic/pgf/modules/pgfmoduleshapes.code.tex
File: pgfmoduleshapes.code.tex 2023-01-15 v3.1.10 (3.1.10)
\pgfnodeparttextbox=\box57
) (/usr/share/texlive/texmf-dist/tex/generic/pgf/modules/pgfmoduleplot.code.tex
File: pgfmoduleplot.code.tex 2023-01-15 v3.1.10 (3.1.10)
) (/usr/share/texlive/texmf-dist/tex/latex/pgf/compatibility/pgfcomp-version-0-65.sty
Package: pgfcomp-version-0-65 2023-01-15 v3.1.10 (3.1.10)
\pgf@nodesepstart=\dimen190
\pgf@nodesepend=\dimen191
) (/usr/share/texlive/texmf-dist/tex/latex/pgf/compatibility/pgfcomp-version-1-18.sty
Package: pgfcomp-version-1-18 2023-01-15 v3.1.10 (3.1.10)
)) (/usr/share/texlive/texmf-dist/tex/latex/pgf/utilities/pgffor.sty (/usr/share/texlive/texmf-dist/tex/latex/pgf/utilities/pgfkeys.sty (/usr/share/texlive/texmf-dist/tex/generic/pgf/utilities/pgfkeys.code.tex)) (/usr/share/texlive/texmf-dist/tex/latex/pgf/math/pgfmath.sty (/usr/share/texlive/texmf-dist/tex/generic/pgf/math/pgfmath.code.tex)) (/usr/share/texlive/texmf-dist/tex/generic/pgf/utilities/pgffor.code.tex
Package: pgffor 2023-01-15 v3.1.10 (3.1.10)
\pgffor@iter=\dimen192
\pgffor@skip=\dimen193
\pgffor@stack=\toks32
\pgffor@toks=\toks33
)) (/usr/share/texlive/texmf-dist/tex/generic/pgf/frontendlayer/tikz/tikz.code.tex
Package: tikz 2023-01-15 v3.1.10 (3.1.10)
 (/usr/share/texlive/texmf-dist/tex/generic/pgf/libraries/pgflibraryplothandlers.code.tex
File: pgflibraryplothandlers.code.tex 2023-01-15 v3.1.10 (3.1.10)
\pgf@plot@mark@count=\count284
\pgfplotmarksize=\dimen194
)
\tikz@lastx=\dimen195
\tikz@lasty=\dimen196
\tikz@lastxsaved=\dimen197
\tikz@lastysaved=\dimen198
\tikz@lastmovetox=\dimen199
\tikz@lastmovetoy=\dimen256
\tikzleveldistance=\dimen257
\tikzsiblingdistance=\dimen258
\tikz@figbox=\box58
\tikz@figbox@bg=\box59
\tikz@tempbox=\box60
\tikz@tempbox@bg=\box61
\tikztreelevel=\count285
\tikznumberofchildren=\count286
\tikznumberofcurrentchild=\count287
\tikz@fig@count=\count288
 (/usr/share/texlive/texmf-dist/tex/generic/pgf/modules/pgfmodulematrix.code.tex
File: pgfmodulematrix.code.tex 2023-01-15 v3.1.10 (3.1.10)
\pgfmatrixcurrentrow=\count289
\pgfmatrixcurrentcolumn=\count290
\pgf@matrix@numberofcolumns=\count291
)
\tikz@expandcount=\count292
 (/usr/share/texlive/texmf-dist/tex/generic/pgf/frontendlayer/tikz/libraries/tikzlibrarytopaths.code.tex
File: tikzlibrarytopaths.code.tex 2023-01-15 v3.1.10 (3.1.10)
))) (/usr/share/texlive/texmf-dist/tex/generic/chemfig/chemfig.tex (/usr/share/texlive/texmf-dist/tex/generic/simplekv/simplekv.tex
Package: simplekv 2023/10/02 v0.2c Simple keyval package (CT)
) (/usr/share/texlive/texmf-dist/tex/generic/pgf/libraries/pgflibraryarrows.meta.code.tex
File: pgflibraryarrows.meta.code.tex 2023-01-15 v3.1.10 (3.1.10)
\pgfarrowinset=\dimen259
\pgfarrowlength=\dimen260
\pgfarrowwidth=\dimen261
\pgfarrowlinewidth=\dimen262
)
\CF_cnt_atomgroup=\count293
\CF_cnt_group=\count294
\CF_cnt_atom=\count295
\CF_cnt_cycle=\count296
\CF_cnt_cyclebonds=\count297
\CF_cnt_compound=\count298
\CF_dim=\dimen263
\CF_turnangle=\dimen264
\CF_arrowsize=\dimen265
\CF_zero=\dimen266
\CF_box=\box62
\CF_boxstuff=\box63
\CF_testbox=\box64
\CF_chargebox=\box65
\CF_substtoks=\toks34
)
Package: chemfig 2023/12/28 v1.66 Draw molecule with an easy syntax (CT)
) (/usr/share/texmf/tex/latex/lm/lmodern.sty
Package: lmodern 2015/05/01 v1.6.1 Latin Modern Fonts
LaTeX Font Info:    Overwriting symbol font `operators' in version `normal'
(Font)                  OT1/cmr/m/n --> OT1/lmr/m/n on input line 22.
LaTeX Font Info:    Overwriting symbol font `letters' in version `normal'
(Font)                  OML/cmm/m/it --> OML/lmm/m/it on input line 23.
LaTeX Font Info:    Overwriting symbol font `symbols' in version `normal'
(Font)                  OMS/cmsy/m/n --> OMS/lmsy/m/n on input line 24.
LaTeX Font Info:    Overwriting symbol font `largesymbols' in version `normal'
(Font)                  OMX/cmex/m/n --> OMX/lmex/m/n on input line 25.
LaTeX Font Info:    Overwriting symbol font `operators' in version `bold'
(Font)                  OT1/cmr/bx/n --> OT1/lmr/bx/n on input line 26.
LaTeX Font Info:    Overwriting symbol font `letters' in version `bold'
(Font)                  OML/cmm/b/it --> OML/lmm/b/it on input line 27.
LaTeX Font Info:    Overwriting symbol font `symbols' in version `bold'
(Font)                  OMS/cmsy/b/n --> OMS/lmsy/b/n on input line 28.
LaTeX Font Info:    Overwriting symbol font `largesymbols' in version `bold'
(Font)                  OMX/cmex/m/n --> OMX/lmex/m/n on input line 29.
LaTeX Font Info:    Overwriting math alphabet `\mathbf' in version `normal'
(Font)                  OT1/cmr/bx/n --> OT1/lmr/bx/n on input line 31.
LaTeX Font Info:    Overwriting math alphabet `\mathsf' in version `normal'
(Font)                  OT1/cmss/m/n --> OT1/lmss/m/n on input line 32.
LaTeX Font Info:    Overwriting math alphabet `\mathit' in version `normal'
(Font)                  OT1/cmr/m/it --> OT1/lmr/m/it on input line 33.
LaTeX Font Info:    Overwriting math alphabet `\mathtt' in version `normal'
(Font)                  OT1/cmtt/m/n --> OT1/lmtt/m/n on input line 34.
LaTeX Font Info:    Overwriting math alphabet `\mathbf' in version `bold'
(Font)                  OT1/cmr/bx/n --> OT1/lmr/bx/n on input line 35.
LaTeX Font Info:    Overwriting math alphabet `\mathsf' in version `bold'
(Font)                  OT1/cmss/bx/n --> OT1/lmss/bx/n on input line 36.
LaTeX Font Info:    Overwriting math alphabet `\mathit' in version `bold'
(Font)                  OT1/cmr/bx/it --> OT1/lmr/bx/it on input line 37.
LaTeX Font Info:    Overwriting math alphabet `\mathtt' in version `bold'
(Font)                  OT1/cmtt/m/n --> OT1/lmtt/m/n on input line 38.
) (/usr/share/texlive/texmf-dist/tex/latex/hyperref/hyperref.sty
Package: hyperref 2024-01-20 v7.01h Hypertext links for LaTeX
 (/usr/share/texlive/texmf-dist/tex/latex/kvsetkeys/kvsetkeys.sty
Package: kvsetkeys 2022-10-05 v1.19 Key value parser (HO)
) (/usr/share/texlive/texmf-dist/tex/generic/kvdefinekeys/kvdefinekeys.sty
Package: kvdefinekeys 2019-12-19 v1.6 Define keys (HO)
) (/usr/share/texlive/texmf-dist/tex/generic/pdfescape/pdfescape.sty
Package: pdfescape 2019/12/09 v1.15 Implements pdfTeX's escape features (HO)
 (/usr/share/texlive/texmf-dist/tex/generic/ltxcmds/ltxcmds.sty
Package: ltxcmds 2023-12-04 v1.26 LaTeX kernel commands for general use (HO)
) (/usr/share/texlive/texmf-dist/tex/generic/pdftexcmds/pdftexcmds.sty
Package: pdftexcmds 2020-06-27 v0.33 Utility functions of pdfTeX for LuaTeX (HO)
 (/usr/share/texlive/texmf-dist/tex/generic/infwarerr/infwarerr.sty
Package: infwarerr 2019/12/03 v1.5 Providing info/warning/error messages (HO)
)
Package pdftexcmds Info: \pdf@primitive is available.
Package pdftexcmds Info: \pdf@ifprimitive is available.
Package pdftexcmds Info: \pdfdraftmode found.
)) (/usr/share/texlive/texmf-dist/tex/latex/hycolor/hycolor.sty
Package: hycolor 2020-01-27 v1.10 Color options for hyperref/bookmark (HO)
) (/usr/share/texlive/texmf-dist/tex/latex/auxhook/auxhook.sty
Package: auxhook 2019-12-17 v1.6 Hooks for auxiliary files (HO)
) (/usr/share/texlive/texmf-dist/tex/latex/hyperref/nameref.sty
Package: nameref 2023-11-26 v2.56 Cross-referencing by name of section
 (/usr/share/texlive/texmf-dist/tex/latex/refcount/refcount.sty
Package: refcount 2019/12/15 v3.6 Data extraction from label references (HO)
) (/usr/share/texlive/texmf-dist/tex/generic/gettitlestring/gettitlestring.sty
Package: gettitlestring 2019/12/15 v1.6 Cleanup title references (HO)
 (/usr/share/texlive/texmf-dist/tex/latex/kvoptions/kvoptions.sty
Package: kvoptions 2022-06-15 v3.15 Key value format for package options (HO)
))
\c@section@level=\count299
) (/usr/share/texlive/texmf-dist/tex/latex/etoolbox/etoolbox.sty
Package: etoolbox 2020/10/05 v2.5k e-TeX tools for LaTeX (JAW)
\etb@tempcnta=\count300
)
\@linkdim=\dimen267
\Hy@linkcounter=\count301
\Hy@pagecounter=\count302
 (/usr/share/texlive/texmf-dist/tex/latex/hyperref/pd1enc.def
File: pd1enc.def 2024-01-20 v7.01h Hyperref: PDFDocEncoding definition (HO)
Now handling font encoding PD1 ...
... no UTF-8 mapping file for font encoding PD1
) (/usr/share/texlive/texmf-dist/tex/generic/intcalc/intcalc.sty
Package: intcalc 2019/12/15 v1.3 Expandable calculations with integers (HO)
)
\Hy@SavedSpaceFactor=\count303
 (/usr/share/texlive/texmf-dist/tex/latex/hyperref/puenc.def
File: puenc.def 2024-01-20 v7.01h Hyperref: PDF Unicode definition (HO)
Now handling font encoding PU ...
... no UTF-8 mapping file for font encoding PU
)
Package hyperref Info: Hyper figures OFF on input line 4179.
Package hyperref Info: Link nesting OFF on input line 4184.
Package hyperref Info: Hyper index ON on input line 4187.
Package hyperref Info: Plain pages OFF on input line 4194.
Package hyperref Info: Backreferencing OFF on input line 4199.
Package hyperref Info: Implicit mode ON; LaTeX internals redefined.
Package hyperref Info: Bookmarks ON on input line 4446.
\c@Hy@tempcnt=\count304
 (/usr/share/texlive/texmf-dist/tex/latex/url/url.sty
\Urlmuskip=\muskip16
Package: url 2013/09/16  ver 3.4  Verb mode for urls, etc.
)
LaTeX Info: Redefining \url on input line 4784.
\XeTeXLinkMargin=\dimen268
 (/usr/share/texlive/texmf-dist/tex/generic/bitset/bitset.sty
Package: bitset 2019/12/09 v1.3 Handle bit-vector datatype (HO)
 (/usr/share/texlive/texmf-dist/tex/generic/bigintcalc/bigintcalc.sty
Package: bigintcalc 2019/12/15 v1.5 Expandable calculations on big integers (HO)
))
\Fld@menulength=\count305
\Field@Width=\dimen269
\Fld@charsize=\dimen270
Package hyperref Info: Hyper figures OFF on input line 6063.
Package hyperref Info: Link nesting OFF on input line 6068.
Package hyperref Info: Hyper index ON on input line 6071.
Package hyperref Info: backreferencing OFF on input line 6078.
Package hyperref Info: Link coloring OFF on input line 6083.
Package hyperref Info: Link coloring with OCG OFF on input line 6088.
Package hyperref Info: PDF/A mode OFF on input line 6093.
 (/usr/share/texlive/texmf-dist/tex/latex/base/atbegshi-ltx.sty
Package: atbegshi-ltx 2021/01/10 v1.0c Emulation of the original atbegshi
package with kernel methods
)
\Hy@abspage=\count306
\c@Item=\count307
\c@Hfootnote=\count308
)
Package hyperref Info: Driver (autodetected): hpdftex.
 (/usr/share/texlive/texmf-dist/tex/latex/hyperref/hpdftex.def
File: hpdftex.def 2024-01-20 v7.01h Hyperref driver for pdfTeX
 (/usr/share/texlive/texmf-dist/tex/latex/base/atveryend-ltx.sty
Package: atveryend-ltx 2020/08/19 v1.0a Emulation of the original atveryend package
with kernel methods
)
\Fld@listcount=\count309
\c@bookmark@seq@number=\count310
 (/usr/share/texlive/texmf-dist/tex/latex/rerunfilecheck/rerunfilecheck.sty
Package: rerunfilecheck 2022-07-10 v1.10 Rerun checks for auxiliary files (HO)
 (/usr/share/texlive/texmf-dist/tex/generic/uniquecounter/uniquecounter.sty
Package: uniquecounter 2019/12/15 v1.4 Provide unlimited unique counter (HO)
)
Package uniquecounter Info: New unique counter `rerunfilecheck' on input line 285.
)
\Hy@SectionHShift=\skip50
) (/usr/share/texlive/texmf-dist/tex/latex/fancybox/fancybox.sty
Package: fancybox 2010/05/15 1.4

Style option: `fancybox' v1.4 <2010/05/15> (tvz)
\@fancybox=\box66
\shadowsize=\dimen271
\@Sbox=\box67
\do@VerbBox=\toks35
\the@fancyput=\toks36
\this@fancyput=\toks37
\EndVerbatimTokens=\toks38
\Verbatim@Outfile=\write4
\Verbatim@Infile=\read4
) (/usr/share/texlive/texmf-dist/tex/latex/fancyhdr/fancyhdr.sty
Package: fancyhdr 2022/11/09 v4.1 Extensive control of page headers and footers
\f@nch@headwidth=\skip51
\f@nch@O@elh=\skip52
\f@nch@O@erh=\skip53
\f@nch@O@olh=\skip54
\f@nch@O@orh=\skip55
\f@nch@O@elf=\skip56
\f@nch@O@erf=\skip57
\f@nch@O@olf=\skip58
\f@nch@O@orf=\skip59
) (/usr/share/texlive/texmf-dist/tex/latex/tools/verbatim.sty
Package: verbatim 2023-11-06 v1.5v LaTeX2e package for verbatim enhancements
\every@verbatim=\toks39
\verbatim@line=\toks40
\verbatim@in@stream=\read5
) (/usr/share/texlive/texmf-dist/tex/latex/geometry/geometry.sty
Package: geometry 2020/01/02 v5.9 Page Geometry
 (/usr/share/texlive/texmf-dist/tex/generic/iftex/ifvtex.sty
Package: ifvtex 2019/10/25 v1.7 ifvtex legacy package. Use iftex instead.
)
\Gm@cnth=\count311
\Gm@cntv=\count312
\c@Gm@tempcnt=\count313
\Gm@bindingoffset=\dimen272
\Gm@wd@mp=\dimen273
\Gm@odd@mp=\dimen274
\Gm@even@mp=\dimen275
\Gm@layoutwidth=\dimen276
\Gm@layoutheight=\dimen277
\Gm@layouthoffset=\dimen278
\Gm@layoutvoffset=\dimen279
\Gm@dimlist=\toks41
) (/usr/share/texlive/texmf-dist/tex/latex/adjustbox/adjustbox.sty
Package: adjustbox 2022/10/17 v1.3a Adjusting TeX boxes (trim, clip, ...)
 (/usr/share/texlive/texmf-dist/tex/latex/adjustbox/adjcalc.sty
Package: adjcalc 2012/05/16 v1.1 Provides advanced setlength with multiple back-ends (calc, etex, pgfmath)
) (/usr/share/texlive/texmf-dist/tex/latex/adjustbox/trimclip.sty
Package: trimclip 2020/08/19 v1.2 Trim and clip general TeX material
 (/usr/share/texlive/texmf-dist/tex/latex/collectbox/collectbox.sty
Package: collectbox 2022/10/17 v0.4c Collect macro arguments as boxes
\collectedbox=\box68
)
\tc@llx=\dimen280
\tc@lly=\dimen281
\tc@urx=\dimen282
\tc@ury=\dimen283
Package trimclip Info: Using driver 'tc-pdftex.def'.
 (/usr/share/texlive/texmf-dist/tex/latex/adjustbox/tc-pdftex.def
File: tc-pdftex.def 2019/01/04 v2.2 Clipping driver for pdftex
))
\adjbox@Width=\dimen284
\adjbox@Height=\dimen285
\adjbox@Depth=\dimen286
\adjbox@Totalheight=\dimen287
\adjbox@pwidth=\dimen288
\adjbox@pheight=\dimen289
\adjbox@pdepth=\dimen290
\adjbox@ptotalheight=\dimen291
 (/usr/share/texlive/texmf-dist/tex/latex/ifoddpage/ifoddpage.sty
Package: ifoddpage 2022/10/18 v1.2 Conditionals for odd/even page detection
\c@checkoddpage=\count314
) (/usr/share/texlive/texmf-dist/tex/latex/varwidth/varwidth.sty
Package: varwidth 2009/03/30 ver 0.92;  Variable-width minipages
\@vwid@box=\box69
\sift@deathcycles=\count315
\@vwid@loff=\dimen292
\@vwid@roff=\dimen293
)) (/usr/share/texlive/texmf-dist/tex/latex/tools/calc.sty
Package: calc 2023/07/08 v4.3 Infix arithmetic (KKT,FJ)
\calc@Acount=\count316
\calc@Bcount=\count317
\calc@Adimen=\dimen294
\calc@Bdimen=\dimen295
\calc@Askip=\skip60
\calc@Bskip=\skip61
LaTeX Info: Redefining \setlength on input line 80.
LaTeX Info: Redefining \addtolength on input line 81.
\calc@Ccount=\count318
\calc@Cskip=\skip62
) (/usr/share/texlive/texmf-dist/tex/latex/base/ifthen.sty
Package: ifthen 2022/04/13 v1.1d Standard LaTeX ifthen package (DPC)
) (/usr/share/texlive/texmf-dist/tex/generic/pgf/frontendlayer/tikz/libraries/tikzlibraryarrows.code.tex
File: tikzlibraryarrows.code.tex 2023-01-15 v3.1.10 (3.1.10)
 (/usr/share/texlive/texmf-dist/tex/generic/pgf/libraries/pgflibraryarrows.code.tex
File: pgflibraryarrows.code.tex 2023-01-15 v3.1.10 (3.1.10)
\arrowsize=\dimen296
)) (/usr/share/texlive/texmf-dist/tex/latex/tikzorbital/tikzorbital.sty
Package: tikzorbital 2012/12/05 draw atomic orbitals and molecular diagrams with tikz
 (/usr/share/texlive/texmf-dist/tex/generic/pgf/frontendlayer/tikz/libraries/tikzlibraryshapes.code.tex
File: tikzlibraryshapes.code.tex 2023-01-15 v3.1.10 (3.1.10)
 (/usr/share/texlive/texmf-dist/tex/generic/pgf/frontendlayer/tikz/libraries/tikzlibraryshapes.geometric.code.tex
File: tikzlibraryshapes.geometric.code.tex 2023-01-15 v3.1.10 (3.1.10)
 (/usr/share/texlive/texmf-dist/tex/generic/pgf/libraries/shapes/pgflibraryshapes.geometric.code.tex
File: pgflibraryshapes.geometric.code.tex 2023-01-15 v3.1.10 (3.1.10)
)) (/usr/share/texlive/texmf-dist/tex/generic/pgf/frontendlayer/tikz/libraries/tikzlibraryshapes.misc.code.tex
File: tikzlibraryshapes.misc.code.tex 2023-01-15 v3.1.10 (3.1.10)
 (/usr/share/texlive/texmf-dist/tex/generic/pgf/libraries/shapes/pgflibraryshapes.misc.code.tex
File: pgflibraryshapes.misc.code.tex 2023-01-15 v3.1.10 (3.1.10)
)) (/usr/share/texlive/texmf-dist/tex/generic/pgf/frontendlayer/tikz/libraries/tikzlibraryshapes.symbols.code.tex
File: tikzlibraryshapes.symbols.code.tex 2023-01-15 v3.1.10 (3.1.10)
 (/usr/share/texlive/texmf-dist/tex/generic/pgf/libraries/shapes/pgflibraryshapes.symbols.code.tex
File: pgflibraryshapes.symbols.code.tex 2023-01-15 v3.1.10 (3.1.10)
)) (/usr/share/texlive/texmf-dist/tex/generic/pgf/frontendlayer/tikz/libraries/tikzlibraryshapes.arrows.code.tex
File: tikzlibraryshapes.arrows.code.tex 2023-01-15 v3.1.10 (3.1.10)
 (/usr/share/texlive/texmf-dist/tex/generic/pgf/libraries/shapes/pgflibraryshapes.arrows.code.tex
File: pgflibraryshapes.arrows.code.tex 2023-01-15 v3.1.10 (3.1.10)
)) (/usr/share/texlive/texmf-dist/tex/generic/pgf/frontendlayer/tikz/libraries/tikzlibraryshapes.callouts.code.tex (/usr/share/texlive/texmf-dist/tex/generic/pgf/libraries/shapes/pgflibraryshapes.callouts.code.tex)) (/usr/share/texlive/texmf-dist/tex/generic/pgf/frontendlayer/tikz/libraries/tikzlibraryshapes.multipart.code.tex
File: tikzlibraryshapes.multipart.code.tex 2023-01-15 v3.1.10 (3.1.10)
 (/usr/share/texlive/texmf-dist/tex/generic/pgf/libraries/shapes/pgflibraryshapes.multipart.code.tex
File: pgflibraryshapes.multipart.code.tex 2023-01-15 v3.1.10 (3.1.10)
\pgfnodepartlowerbox=\box70
\pgfnodeparttwobox=\box71
\pgfnodepartthreebox=\box72
\pgfnodepartfourbox=\box73
\pgfnodeparttwentybox=\box74
\pgfnodepartnineteenbox=\box75
\pgfnodeparteighteenbox=\box76
\pgfnodepartseventeenbox=\box77
\pgfnodepartsixteenbox=\box78
\pgfnodepartfifteenbox=\box79
\pgfnodepartfourteenbox=\box80
\pgfnodepartthirteenbox=\box81
\pgfnodeparttwelvebox=\box82
\pgfnodepartelevenbox=\box83
\pgfnodeparttenbox=\box84
\pgfnodepartninebox=\box85
\pgfnodeparteightbox=\box86
\pgfnodepartsevenbox=\box87
\pgfnodepartsixbox=\box88
\pgfnodepartfivebox=\box89
)))
\pgf@layerbox@background=\box90
\pgf@layerboxsaved@background=\box91
\pgf@layerbox@foreground=\box92
\pgf@layerboxsaved@foreground=\box93
) (/usr/share/texlive/texmf-dist/tex/latex/braket/braket.sty) (/usr/share/texlive/texmf-dist/tex/latex/caption/caption.sty
Package: caption 2023/08/05 v3.6o Customizing captions (AR)
 (/usr/share/texlive/texmf-dist/tex/latex/caption/caption3.sty
Package: caption3 2023/07/31 v2.4d caption3 kernel (AR)
\caption@tempdima=\dimen297
\captionmargin=\dimen298
\caption@leftmargin=\dimen299
\caption@rightmargin=\dimen300
\caption@width=\dimen301
\caption@indent=\dimen302
\caption@parindent=\dimen303
\caption@hangindent=\dimen304
Package caption Info: Standard document class detected.
Package caption Info: french babel package is loaded.
)
\c@caption@flags=\count319
\c@continuedfloat=\count320
Package caption Info: hyperref package is loaded.
) (/usr/share/texlive/texmf-dist/tex/latex/amsmath/amsmath.sty
Package: amsmath 2023/05/13 v2.17o AMS math features
\@mathmargin=\skip63

For additional information on amsmath, use the `?' option.
(/usr/share/texlive/texmf-dist/tex/latex/amsmath/amstext.sty
Package: amstext 2021/08/26 v2.01 AMS text
 (/usr/share/texlive/texmf-dist/tex/latex/amsmath/amsgen.sty
File: amsgen.sty 1999/11/30 v2.0 generic functions
\@emptytoks=\toks42
\ex@=\dimen305
)) (/usr/share/texlive/texmf-dist/tex/latex/amsmath/amsbsy.sty
Package: amsbsy 1999/11/29 v1.2d Bold Symbols
\pmbraise@=\dimen306
) (/usr/share/texlive/texmf-dist/tex/latex/amsmath/amsopn.sty
Package: amsopn 2022/04/08 v2.04 operator names
)
\inf@bad=\count321
LaTeX Info: Redefining \frac on input line 234.
\uproot@=\count322
\leftroot@=\count323
LaTeX Info: Redefining \overline on input line 399.
LaTeX Info: Redefining \colon on input line 410.
\classnum@=\count324
\DOTSCASE@=\count325
LaTeX Info: Redefining \ldots on input line 496.
LaTeX Info: Redefining \dots on input line 499.
LaTeX Info: Redefining \cdots on input line 620.
\Mathstrutbox@=\box94
\strutbox@=\box95
LaTeX Info: Redefining \big on input line 722.
LaTeX Info: Redefining \Big on input line 723.
LaTeX Info: Redefining \bigg on input line 724.
LaTeX Info: Redefining \Bigg on input line 725.
\big@size=\dimen307
LaTeX Font Info:    Redeclaring font encoding OML on input line 743.
LaTeX Font Info:    Redeclaring font encoding OMS on input line 744.
\macc@depth=\count326
LaTeX Info: Redefining \bmod on input line 905.
LaTeX Info: Redefining \pmod on input line 910.
LaTeX Info: Redefining \smash on input line 940.
LaTeX Info: Redefining \relbar on input line 970.
LaTeX Info: Redefining \Relbar on input line 971.
\c@MaxMatrixCols=\count327
\dotsspace@=\muskip17
\c@parentequation=\count328
\dspbrk@lvl=\count329
\tag@help=\toks43
\row@=\count330
\column@=\count331
\maxfields@=\count332
\andhelp@=\toks44
\eqnshift@=\dimen308
\alignsep@=\dimen309
\tagshift@=\dimen310
\tagwidth@=\dimen311
\totwidth@=\dimen312
\lineht@=\dimen313
\@envbody=\toks45
\multlinegap=\skip64
\multlinetaggap=\skip65
\mathdisplay@stack=\toks46
LaTeX Info: Redefining \[ on input line 2953.
LaTeX Info: Redefining \] on input line 2954.
) (/usr/share/texlive/texmf-dist/tex/latex/amsfonts/amsfonts.sty
Package: amsfonts 2013/01/14 v3.01 Basic AMSFonts support
\symAMSa=\mathgroup4
\symAMSb=\mathgroup5
LaTeX Font Info:    Redeclaring math symbol \hbar on input line 98.
LaTeX Font Info:    Overwriting math alphabet `\mathfrak' in version `bold'
(Font)                  U/euf/m/n --> U/euf/b/n on input line 106.
) (/usr/share/texlive/texmf-dist/tex/latex/amsfonts/amssymb.sty
Package: amssymb 2013/01/14 v3.01 AMS font symbols
) (/usr/share/texlive/texmf-dist/tex/latex/jknapltx/mathrsfs.sty
Package: mathrsfs 1996/01/01 Math RSFS package v1.0 (jk)
\symrsfs=\mathgroup6
) (/usr/share/texlive/texmf-dist/tex/latex/enumitem/enumitem.sty
Package: enumitem 2019/06/20 v3.9 Customized lists
\enitkv@toks@=\toks47
\labelindent=\skip66
\enit@outerparindent=\dimen314
\enit@toks=\toks48
\enit@inbox=\box96
\enit@count@id=\count333
\enitdp@description=\count334
) (/usr/share/texlive/texmf-dist/tex/latex/mhchem/mhchem.sty
Package: mhchem 2024/01/29 v4.10 for typesetting chemical formulae
 (/usr/share/texlive/texmf-dist/tex/latex/l3kernel/expl3.sty
Package: expl3 2024-01-22 L3 programming layer (loader) 
 (/usr/share/texlive/texmf-dist/tex/latex/l3backend/l3backend-pdftex.def
File: l3backend-pdftex.def 2024-01-04 L3 backend support: PDF output (pdfTeX)
\l__color_backend_stack_int=\count335
\l__pdf_internal_box=\box97
)) (/usr/share/texlive/texmf-dist/tex/latex/l3packages/l3keys2e/l3keys2e.sty
Package: l3keys2e 2023-10-10 LaTeX2e option processing using LaTeX3 keys
) (/usr/share/texlive/texmf-dist/tex/latex/chemgreek/chemgreek.sty (/usr/share/texlive/texmf-dist/tex/latex/l3packages/xparse/xparse.sty
Package: xparse 2023-10-10 L3 Experimental document command parser
)
Package: chemgreek 2020/01/16 v1.1a interface for upright Greek letters for use in chemistry (CN)
\l__chemgreek_tmpa_int=\count336
\g__chemgreek_tmpa_int=\count337
)
\l__mhchem_ce_distanceFromLastComma_int=\count338
\__mhchem_arrow_extPgfLength_skip=\skip67
\mhchem@minispace@tmp=\skip68
\mhchem@minibackspace@tmp=\skip69
\mhchem@bondwidth=\skip70
\mhchem@bondheight=\skip71
\mhchem@smallbondwidth@tmpA=\skip72
\mhchem@smallbondwidth@tmpB=\skip73
\mhchem@smallbondwidth=\skip74
\mhchem@bondtmp@minussidebearingleft=\skip75
\mhchem@bondtmp@minussidebearingright=\skip76
\l__mhchem_option_version_int=\count339
\mhchem@option@minusmathsidebearingleft=\dimen315
\mhchem@option@minusmathsidebearingright=\dimen316
\mhchem@option@minustextsidebearingleft=\dimen317
\mhchem@option@minustextsidebearingright=\dimen318
) (/usr/share/texlive/texmf-dist/tex/latex/siunitx/siunitx.sty
Package: siunitx 2024-01-25 v3.3.10 A comprehensive (SI) units package
\l__siunitx_number_uncert_offset_int=\count340
\l__siunitx_number_exponent_fixed_int=\count341
\l__siunitx_number_min_decimal_int=\count342
\l__siunitx_number_min_integer_int=\count343
\l__siunitx_number_round_precision_int=\count344
\l__siunitx_number_lower_threshold_int=\count345
\l__siunitx_number_upper_threshold_int=\count346
\l__siunitx_number_group_first_int=\count347
\l__siunitx_number_group_size_int=\count348
\l__siunitx_number_group_minimum_int=\count349
\l__siunitx_angle_tmp_dim=\dimen319
\l__siunitx_angle_marker_box=\box98
\l__siunitx_angle_unit_box=\box99
\l__siunitx_compound_count_int=\count350
 (/usr/share/texlive/texmf-dist/tex/latex/translations/translations.sty
Package: translations 2022/02/05 v1.12 internationalization of LaTeX2e packages (CN)
)
\l__siunitx_table_tmp_box=\box100
\l__siunitx_table_tmp_dim=\dimen320
\l__siunitx_table_column_width_dim=\dimen321
\l__siunitx_table_integer_box=\box101
\l__siunitx_table_decimal_box=\box102
\l__siunitx_table_uncert_box=\box103
\l__siunitx_table_before_box=\box104
\l__siunitx_table_after_box=\box105
\l__siunitx_table_before_dim=\dimen322
\l__siunitx_table_carry_dim=\dimen323
\l__siunitx_unit_tmp_int=\count351
\l__siunitx_unit_position_int=\count352
\l__siunitx_unit_total_int=\count353


Package siunitx Warning: Option "load-configurations" has been removed in this
(siunitx)                release.

(/usr/share/texlive/texmf-dist/tex/latex/tools/array.sty
Package: array 2023/10/16 v2.5g Tabular extension package (FMi)
\col@sep=\dimen324
\ar@mcellbox=\box106
\extrarowheight=\dimen325
\NC@list=\toks49
\extratabsurround=\skip77
\backup@length=\skip78
\ar@cellbox=\box107
)) (/usr/share/texlive/texmf-dist/tex/latex/tcolorbox/tcolorbox.sty
Package: tcolorbox 2024/01/10 version 6.2.0 text color boxes
 (/usr/share/texlive/texmf-dist/tex/latex/environ/environ.sty
Package: environ 2014/05/04 v0.3 A new way to define environments
 (/usr/share/texlive/texmf-dist/tex/latex/trimspaces/trimspaces.sty
Package: trimspaces 2009/09/17 v1.1 Trim spaces around a token list
))
\tcb@titlebox=\box108
\tcb@upperbox=\box109
\tcb@lowerbox=\box110
\tcb@phantombox=\box111
\c@tcbbreakpart=\count354
\c@tcblayer=\count355
\c@tcolorbox@number=\count356
\l__tcobox_tmpa_box=\box112
\l__tcobox_tmpa_dim=\dimen326
\tcb@temp=\box113
\tcb@temp=\box114
\tcb@temp=\box115
\tcb@temp=\box116
 (/usr/share/texlive/texmf-dist/tex/latex/tcolorbox/tcbraster.code.tex
Library (tcolorbox): 'tcbraster.code.tex' version '6.2.0'
\c@tcbrastercolumn=\count357
\c@tcbrasterrow=\count358
\c@tcbrasternum=\count359
\c@tcbraster=\count360
) (/usr/share/texlive/texmf-dist/tex/latex/tcolorbox/tcbskins.code.tex
Library (tcolorbox): 'tcbskins.code.tex' version '6.2.0'
(/usr/share/texlive/texmf-dist/tex/latex/tikzfill/tikzfill.image.sty
Package: tikzfill.image 2023/08/08 v1.0.1 Image filling library for TikZ
 (/usr/share/texlive/texmf-dist/tex/latex/tikzfill/tikzfill-common.sty
Package: tikzfill-common 2023/08/08 v1.0.1 Auxiliary code for tikzfill
) (/usr/share/texlive/texmf-dist/tex/latex/tikzfill/tikzlibraryfill.image.code.tex
File: tikzlibraryfill.image.code.tex 2023/08/08 v1.0.1 Image filling library
\l__tikzfill_img_box=\box117
)) (/usr/share/texlive/texmf-dist/tex/latex/tcolorbox/tcbskinsjigsaw.code.tex
Library (tcolorbox): 'tcbskinsjigsaw.code.tex' version '6.2.0'
)) (/usr/share/texlive/texmf-dist/tex/latex/tcolorbox/tcbbreakable.code.tex
Library (tcolorbox): 'tcbbreakable.code.tex' version '6.2.0'
(/usr/share/texlive/texmf-dist/tex/latex/pdfcol/pdfcol.sty
Package: pdfcol 2022-09-21 v1.7 Handle new color stacks for pdfTeX (HO)
)
Package pdfcol Info: New color stack `tcb@breakable' = 1 on input line 23.
\tcb@testbox=\box118
\tcb@totalupperbox=\box119
\tcb@totallowerbox=\box120
) (/usr/share/texlive/texmf-dist/tex/latex/tcolorbox/tcbhooks.code.tex
Library (tcolorbox): 'tcbhooks.code.tex' version '6.2.0'
) (/usr/share/texlive/texmf-dist/tex/latex/tcolorbox/tcbtheorems.code.tex
Library (tcolorbox): 'tcbtheorems.code.tex' version '6.2.0'
) (/usr/share/texlive/texmf-dist/tex/latex/tcolorbox/tcbfitting.code.tex
Library (tcolorbox): 'tcbfitting.code.tex' version '6.2.0'
\tcbfitdim=\dimen327
\tcb@lowerfitdim=\dimen328
\tcb@upperfitdim=\dimen329
\tcb@cur@hbadness=\count361
)) (/usr/share/texlive/texmf-dist/tex/latex/amscls/amsthm.sty
Package: amsthm 2020/05/29 v2.20.6
\thm@style=\toks50
\thm@bodyfont=\toks51
\thm@headfont=\toks52
\thm@notefont=\toks53
\thm@headpunct=\toks54
\thm@preskip=\skip79
\thm@postskip=\skip80
\thm@headsep=\skip81
\dth@everypar=\toks55
) (/usr/share/texlive/texmf-dist/tex/latex/doclicense/doclicense.sty
Package: doclicense 2023/10/01 v3.3.0 Support for putting documents under a license
 (/usr/share/texlive/texmf-dist/tex/latex/xifthen/xifthen.sty
Package: xifthen 2015/11/05 v1.4.0 Extended ifthen features
 (/usr/share/texlive/texmf-dist/tex/latex/ifmtarg/ifmtarg.sty
Package: ifmtarg 2018/04/16 v1.2b check for an empty argument
)) (/usr/share/texlive/texmf-dist/tex/generic/xstring/xstring.sty (/usr/share/texlive/texmf-dist/tex/generic/xstring/xstring.tex
\xs_counta=\count362
\xs_countb=\count363
)
Package: xstring 2023/08/22 v1.86 String manipulations (CT)
) (/usr/share/texlive/texmf-dist/tex/latex/tools/xspace.sty
Package: xspace 2014/10/28 v1.13 Space after command names (DPC,MH)
) (/usr/share/texlive/texmf-dist/tex/latex/hyperxmp/hyperxmp.sty
Package: hyperxmp 2023/09/10 v5.12 Store hyperref metadata in XMP format
\hyxmp@aep@toks=\toks56
 (/usr/share/texlive/texmf-dist/tex/generic/stringenc/stringenc.sty
Package: stringenc 2019/11/29 v1.12 Convert strings between diff. encodings (HO)
)
\@hyxmp@count=\count364
 (/usr/share/texlive/texmf-dist/tex/latex/oberdiek/ifdraft.sty
Package: ifdraft 2016/05/16 v1.4 Detect class options draft and final (HO)
))
\doclicense@hsize=\skip82
 (/usr/share/texlive/texmf-dist/tex/latex/doclicense/doclicense-french.ldf
File: doclicense-french.ldf 
)) (/usr/share/texlive/texmf-dist/tex/latex/wrapfig/wrapfig.sty
\wrapoverhang=\dimen330
\WF@size=\dimen331
\c@WF@wrappedlines=\count365
\WF@box=\box121
\WF@everypar=\toks57
Package: wrapfig 2003/01/31  v 3.6
) (/usr/share/texlive/texmf-dist/tex/latex/fontawesome/fontawesome.sty
Package: fontawesome 2016/05/15 v4.6.3.1 font awesome icons
 (/usr/share/texlive/texmf-dist/tex/latex/fontawesome/fontawesomesymbols-generic.tex) (/usr/share/texlive/texmf-dist/tex/latex/fontawesome/fontawesomesymbols-pdftex.tex)) (/usr/share/texlive/texmf-dist/tex/latex/multirow/multirow.sty
Package: multirow 2021/03/15 v2.8 Span multiple rows of a table
\multirow@colwidth=\skip83
\multirow@cntb=\count366
\multirow@dima=\skip84
\bigstrutjot=\dimen332
) (/usr/share/texlive/texmf-dist/tex/latex/booktabs/booktabs.sty
Package: booktabs 2020/01/12 v1.61803398 Publication quality tables
\heavyrulewidth=\dimen333
\lightrulewidth=\dimen334
\cmidrulewidth=\dimen335
\belowrulesep=\dimen336
\belowbottomsep=\dimen337
\aboverulesep=\dimen338
\abovetopsep=\dimen339
\cmidrulesep=\dimen340
\cmidrulekern=\dimen341
\defaultaddspace=\dimen342
\@cmidla=\count367
\@cmidlb=\count368
\@aboverulesep=\dimen343
\@belowrulesep=\dimen344
\@thisruleclass=\count369
\@lastruleclass=\count370
\@thisrulewidth=\dimen345
) (/usr/share/texlive/texmf-dist/tex/latex/background/background.sty
Package: background 2014/03/04 v2.1 background material
 (/usr/share/texlive/texmf-dist/tex/latex/everypage/everypage.sty
Package: everypage 2020/10/17 R2.0b Hooks to run on every page


Package everypage Warning: Functionality similar to this package has recently
(everypage)                been implemented in LaTeX. This package is now in
(everypage)                legacy status.
(everypage)                Please, don't use it in new documents and packages.


Package everypage Warning: You appear to be running a version of LaTeX
(everypage)                providing the new functionality.
(everypage)                Doing the best to deliver the original `everypage`
(everypage)                interface on top of it. Strict equivalence is
(everypage)                not possible, breakage may occur.
(everypage)                If truly needed, Use `everypage-1x` to force the
(everypage)                loading of an older code base.

) (/usr/share/texlive/texmf-dist/tex/latex/tools/afterpage.sty
Package: afterpage 2023/07/04 v1.08 After-Page Package (DPC)
\AP@output=\toks58
\AP@partial=\box122
\AP@footins=\box123
)) (/usr/share/texlive/texmf-dist/tex/latex/float/float.sty
Package: float 2001/11/08 v1.3d Float enhancements (AL)
\c@float@type=\count371
\float@exts=\toks59
\float@box=\box124
\@float@everytoks=\toks60
\@floatcapt=\box125
) (/usr/share/texlive/texmf-dist/tex/latex/subfig/subfig.sty
Package: subfig 2005/06/28 ver: 1.3 subfig package
\c@KVtest=\count372
\sf@farskip=\skip85
\sf@captopadj=\dimen346
\sf@capskip=\skip86
\sf@nearskip=\skip87
\c@subfigure=\count373
\c@subfigure@save=\count374
\c@lofdepth=\count375
\c@subtable=\count376
\c@subtable@save=\count377
\c@lotdepth=\count378
\sf@top=\skip88
\sf@bottom=\skip89
) (/usr/share/texlive/texmf-dist/tex/latex/oberdiek/stackrel.sty
Package: stackrel 2016/05/16 v1.3 Adding subscript option to stackrel (HO)
 (/usr/share/texlive/texmf-dist/tex/generic/etexcmds/etexcmds.sty
Package: etexcmds 2019/12/15 v1.7 Avoid name clashes with e-TeX commands (HO)
))
\c@Q=\count379
Package hyperref Info: Option `colorlinks' set `true' on input line 163.
 (/usr/share/texlive/texmf-dist/tex/latex/boxedminipage/boxedminipage.sty
Package: boxedminipage 2020/04/19 v1.1 Boxed LaTeX2e minipages
\bmp@box=\box126
\bmp@width=\skip90
\bmp@height=\skip91
)
\hblanc=\skip92
\hblanccomment=\skip93
\hblancbis=\skip94


Package geometry Warning: Over-specification in `h'-direction.
    `width' (433.62pt) is ignored.


Package geometry Warning: Over-specification in `v'-direction.
    `height' (578.15999pt) is ignored.

(/usr/share/texlive/texmf-dist/tex/latex/ragged2e/ragged2e.sty
Package: ragged2e 2023/06/22 v3.6 ragged2e Package
\CenteringLeftskip=\skip95
\RaggedLeftLeftskip=\skip96
\RaggedRightLeftskip=\skip97
\CenteringRightskip=\skip98
\RaggedLeftRightskip=\skip99
\RaggedRightRightskip=\skip100
\CenteringParfillskip=\skip101
\RaggedLeftParfillskip=\skip102
\RaggedRightParfillskip=\skip103
\JustifyingParfillskip=\skip104
\CenteringParindent=\skip105
\RaggedLeftParindent=\skip106
\RaggedRightParindent=\skip107
\JustifyingParindent=\skip108
)
\c@mySideNoteCounter=\count380
 (/usr/share/texlive/texmf-dist/tex/latex/todonotes/todonotes.sty
Package: todonotes 2024/01/05 v1.1.7 Todonotes source and documentation.
Package: todonotes 2024/01/05
 (/usr/share/texlive/texmf-dist/tex/generic/pgf/frontendlayer/tikz/libraries/tikzlibrarypositioning.code.tex
File: tikzlibrarypositioning.code.tex 2023-01-15 v3.1.10 (3.1.10)
)
\c@@todonotes@numberoftodonotes=\count381
) (/usr/share/texlive/texmf-dist/tex/latex/stmaryrd/stmaryrd.sty
Package: stmaryrd 1994/03/03 St Mary's Road symbol package
\symstmry=\mathgroup7
LaTeX Font Info:    Overwriting symbol font `stmry' in version `bold'
(Font)                  U/stmry/m/n --> U/stmry/b/n on input line 89.
)) (/usr/share/texlive/texmf-dist/tex/latex/ccicons/ccicons.sty
Package: ccicons 2017/10/30 v1.6 LaTeX support for Creative Commons icons
) (/usr/share/texlive/texmf-dist/tex/latex/csquotes/csquotes.sty
Package: csquotes 2022-09-14 v5.2n context-sensitive quotations (JAW)
\csq@reset=\count382
\csq@gtype=\count383
\csq@glevel=\count384
\csq@qlevel=\count385
\csq@maxlvl=\count386
\csq@tshold=\count387
\csq@ltx@everypar=\toks61
 (/usr/share/texlive/texmf-dist/tex/latex/csquotes/csquotes.def
File: csquotes.def 2022-09-14 v5.2n csquotes generic definitions (JAW)
)
Package csquotes Info: Trying to load configuration file 'csquotes.cfg'...
Package csquotes Info: ... configuration file loaded successfully.
 (/usr/share/texlive/texmf-dist/tex/latex/csquotes/csquotes.cfg
File: csquotes.cfg 
))

LaTeX Warning: Unused global option(s):
    [16pt].

(./main.aux)
\openout1 = `main.aux'.

LaTeX Font Info:    Checking defaults for OML/cmm/m/it on input line 9.
LaTeX Font Info:    ... okay on input line 9.
LaTeX Font Info:    Checking defaults for OMS/cmsy/m/n on input line 9.
LaTeX Font Info:    ... okay on input line 9.
LaTeX Font Info:    Checking defaults for OT1/cmr/m/n on input line 9.
LaTeX Font Info:    ... okay on input line 9.
LaTeX Font Info:    Checking defaults for T1/cmr/m/n on input line 9.
LaTeX Font Info:    ... okay on input line 9.
LaTeX Font Info:    Checking defaults for TS1/cmr/m/n on input line 9.
LaTeX Font Info:    ... okay on input line 9.
LaTeX Font Info:    Checking defaults for OMX/cmex/m/n on input line 9.
LaTeX Font Info:    ... okay on input line 9.
LaTeX Font Info:    Checking defaults for U/cmr/m/n on input line 9.
LaTeX Font Info:    ... okay on input line 9.
LaTeX Font Info:    Checking defaults for PD1/pdf/m/n on input line 9.
LaTeX Font Info:    ... okay on input line 9.
LaTeX Font Info:    Checking defaults for PU/pdf/m/n on input line 9.
LaTeX Font Info:    ... okay on input line 9.
\c@mv@tabular=\count388
\c@mv@boldtabular=\count389
LaTeX Info: Redefining \degres on input line 9.
Package french.ldf Info: Setting StandardItemizeEnv=true for
(french.ldf)             compatibility with enumitem package,
(french.ldf)             reported on input line 9.
Package french.ldf Info: Setting StandardEnumerateEnv=true for
(french.ldf)             compatibility with enumitem package,
(french.ldf)             reported on input line 9.
LaTeX Info: Redefining \up on input line 9.
 (/usr/share/texlive/texmf-dist/tex/context/base/mkii/supp-pdf.mkii
[Loading MPS to PDF converter (version 2006.09.02).]
\scratchcounter=\count390
\scratchdimen=\dimen347
\scratchbox=\box127
\nofMPsegments=\count391
\nofMParguments=\count392
\everyMPshowfont=\toks62
\MPscratchCnt=\count393
\MPscratchDim=\dimen348
\MPnumerator=\count394
\makeMPintoPDFobject=\count395
\everyMPtoPDFconversion=\toks63
) (/usr/share/texlive/texmf-dist/tex/latex/epstopdf-pkg/epstopdf-base.sty
Package: epstopdf-base 2020-01-24 v2.11 Base part for package epstopdf
Package epstopdf-base Info: Redefining graphics rule for `.eps' on input line 485.
 (/usr/share/texlive/texmf-dist/tex/latex/latexconfig/epstopdf-sys.cfg
File: epstopdf-sys.cfg 2010/07/13 v1.3 Configuration of (r)epstopdf for TeX Live
))
Package hyperref Info: Link coloring ON on input line 9.
 (./main.out) (./main.out)
\@outlinefile=\write5
\openout5 = `main.out'.


*geometry* driver: auto-detecting
*geometry* detected driver: pdftex
*geometry* verbose mode - [ preamble ] result:
* driver: pdftex
* paper: a4paper
* layout: <same size as paper>
* layoutoffset:(h,v)=(0.0pt,0.0pt)
* modes: twoside 
* h-part:(L,W,R)=(28.45274pt, 512.14963pt, 56.9055pt)
* v-part:(T,H,B)=(56.9055pt, 731.23584pt, 56.9055pt)
* \paperwidth=597.50787pt
* \paperheight=845.04684pt
* \textwidth=512.14963pt
* \textheight=731.23584pt
* \oddsidemargin=-43.81725pt
* \evensidemargin=-15.36449pt
* \topmargin=-45.43198pt
* \headheight=12.0pt
* \headsep=18.06749pt
* \topskip=10.0pt
* \footskip=25.29494pt
* \marginparwidth=142.26378pt
* \marginparsep=5.69046pt
* \columnsep=99.58464pt
* \skip\footins=9.0pt plus 4.0pt minus 2.0pt
* \hoffset=0.0pt
* \voffset=0.0pt
* \mag=1000
* \@twocolumnfalse
* \@twosidetrue
* \@mparswitchtrue
* \@reversemarginfalse
* (1in=72.27pt=25.4mm, 1cm=28.453pt)

Package caption Info: Begin \AtBeginDocument code.
Package caption Info: subfig package v1.3 is loaded.
Package caption Info: float package is loaded.
Package caption Info: wrapfig package is loaded.
Package caption Info: End \AtBeginDocument code.

Package chemgreek Info: Activating mapping `default' on line 9.

(/usr/share/texlive/texmf-dist/tex/latex/translations/translations-basic-dictionary-french.trsl
File: translations-basic-dictionary-french.trsl (french translation file `translations-basic-dictionary')
)
Package translations Info: loading dictionary `translations-basic-dictionary' for `french'. on input line 9.
LaTeX Font Info:    Font shape `T1/opensans-TOsF/m/n' will be
(Font)              scaled to size 23.63593pt on input line 68.
LaTeX Font Info:    Font shape `T1/opensans-TOsF/b/n' will be
(Font)              scaled to size 23.63593pt on input line 68.
 (./main.toc
LaTeX Font Info:    Font shape `T1/opensans-TOsF/b/n' will be
(Font)              scaled to size 9.49997pt on input line 2.
LaTeX Font Info:    Trying to load font information for OT1+lmr on input line 3.
 (/usr/share/texmf/tex/latex/lm/ot1lmr.fd
File: ot1lmr.fd 2015/05/01 v1.6.1 Font defs for Latin Modern
)
LaTeX Font Info:    Trying to load font information for OML+lmm on input line 3.
 (/usr/share/texmf/tex/latex/lm/omllmm.fd
File: omllmm.fd 2015/05/01 v1.6.1 Font defs for Latin Modern
)
LaTeX Font Info:    Trying to load font information for OMS+lmsy on input line 3.
 (/usr/share/texmf/tex/latex/lm/omslmsy.fd
File: omslmsy.fd 2015/05/01 v1.6.1 Font defs for Latin Modern
)
LaTeX Font Info:    Trying to load font information for OMX+lmex on input line 3.
 (/usr/share/texmf/tex/latex/lm/omxlmex.fd
File: omxlmex.fd 2015/05/01 v1.6.1 Font defs for Latin Modern
)
LaTeX Font Info:    External font `lmex10' loaded for size
(Font)              <10> on input line 3.
LaTeX Font Info:    External font `lmex10' loaded for size
(Font)              <7> on input line 3.
LaTeX Font Info:    External font `lmex10' loaded for size
(Font)              <5> on input line 3.
LaTeX Font Info:    Trying to load font information for U+msa on input line 3.
 (/usr/share/texlive/texmf-dist/tex/latex/amsfonts/umsa.fd
File: umsa.fd 2013/01/14 v3.01 AMS symbols A
)
LaTeX Font Info:    Trying to load font information for U+msb on input line 3.
 (/usr/share/texlive/texmf-dist/tex/latex/amsfonts/umsb.fd
File: umsb.fd 2013/01/14 v3.01 AMS symbols B
)
LaTeX Font Info:    Trying to load font information for U+rsfs on input line 3.
 (/usr/share/texlive/texmf-dist/tex/latex/jknapltx/ursfs.fd
File: ursfs.fd 1998/03/24 rsfs font definition file (jk)
)
LaTeX Font Info:    Trying to load font information for U+stmry on input line 3.
 (/usr/share/texlive/texmf-dist/tex/latex/stmaryrd/Ustmry.fd)
LaTeX Font Info:    Font shape `T1/opensans-TOsF/m/n' will be
(Font)              scaled to size 6.64998pt on input line 22.
LaTeX Font Info:    Font shape `T1/opensans-TOsF/m/n' will be
(Font)              scaled to size 4.74998pt on input line 22.
)
\tf@toc=\write6
\openout6 = `main.toc'.

 [1


{/var/lib/texmf/fonts/map/pdftex/updmap/pdftex.map}{/usr/share/texlive/texmf-dist/fonts/enc/dvips/opensans/a_p2vepx.enc}]

Package fancyhdr Warning: \headheight is too small (12.0pt): 
(fancyhdr)                Make it at least 12.4464pt, for example:
(fancyhdr)                \setlength{\headheight}{12.4464pt}.
(fancyhdr)                You might also make \topmargin smaller to compensate:
(fancyhdr)                \addtolength{\topmargin}{-0.4464pt}.

<cc-by-nc-sa.png, id=150, 1284.8pt x 449.68pt>
File: cc-by-nc-sa.png Graphic file (type png)
<use cc-by-nc-sa.png>
Package pdftex.def Info: cc-by-nc-sa.png  used on input line 71.
(pdftex.def)             Requested size: 40.64pt x 14.22636pt.
[2

 <./cc-by-nc-sa.png>]
Chapitre 2.
LaTeX Font Info:    Font shape `T1/opensans-TOsF/m/n' will be
(Font)              scaled to size 19.70294pt on input line 71.
LaTeX Font Info:    Font shape `T1/opensans-TOsF/b/n' will be
(Font)              scaled to size 19.70294pt on input line 71.
LaTeX Font Info:    Font shape `T1/opensans-TOsF/m/n' will be
(Font)              scaled to size 13.67995pt on input line 97.
LaTeX Font Info:    Font shape `T1/opensans-TOsF/b/n' will be
(Font)              scaled to size 13.67995pt on input line 97.
LaTeX Font Info:    Font shape `T1/opensans-TOsF/m/n' will be
(Font)              scaled to size 11.39996pt on input line 103.
LaTeX Font Info:    Font shape `T1/opensans-TOsF/b/n' will be
(Font)              scaled to size 11.39996pt on input line 103.

Underfull \vbox (badness 1552) has occurred while \output is active []

 [3{/usr/share/texmf/fonts/enc/dvips/lm/lm-mathit.enc}{/usr/share/texmf/fonts/enc/dvips/lm/lm-rm.enc}]
<figures/Fig01.png, id=164, 523.09026pt x 450.9648pt>
File: figures/Fig01.png Graphic file (type png)
<use figures/Fig01.png>
Package pdftex.def Info: figures/Fig01.png  used on input line 170.
(pdftex.def)             Requested size: 460.93153pt x 397.39384pt.


Package caption Warning: The option `hypcap=true' will be ignored for this
(caption)                particular \caption on input line 171.
See the caption package documentation for explanation.


LaTeX Font Warning: Font shape `T1/opensans-TOsF/m/sc' undefined
(Font)              using `T1/opensans-TOsF/m/n' instead on input line 171.


LaTeX Font Warning: Font shape `T1/opensans-TOsF/b/sc' undefined
(Font)              using `T1/opensans-TOsF/b/n' instead on input line 171.


Package fancyhdr Warning: \headheight is too small (12.0pt): 
(fancyhdr)                Make it at least 12.4464pt, for example:
(fancyhdr)                \setlength{\headheight}{12.4464pt}.
(fancyhdr)                You might also make \topmargin smaller to compensate:
(fancyhdr)                \addtolength{\topmargin}{-0.4464pt}.

File: cc-by-nc-sa.png Graphic file (type png)
<use cc-by-nc-sa.png>
Package pdftex.def Info: cc-by-nc-sa.png  used on input line 171.
(pdftex.def)             Requested size: 40.64pt x 14.22636pt.
[4{/usr/share/texmf/fonts/enc/dvips/lm/lm-mathsy.enc}{/usr/share/texmf/fonts/enc/dvips/lm/lm-mathex.enc}]
LaTeX Font Info:    Font shape `T1/opensans-TOsF/m/sc' will be
(Font)              scaled to size 9.49997pt on input line 171.
LaTeX Font Info:    Font shape `T1/opensans-TOsF/b/sc' will be
(Font)              scaled to size 9.49997pt on input line 171.


Package fancyhdr Warning: \headheight is too small (12.0pt): 
(fancyhdr)                Make it at least 12.4464pt, for example:
(fancyhdr)                \setlength{\headheight}{12.4464pt}.
(fancyhdr)                You might also make \topmargin smaller to compensate:
(fancyhdr)                \addtolength{\topmargin}{-0.4464pt}.

File: cc-by-nc-sa.png Graphic file (type png)
<use cc-by-nc-sa.png>
Package pdftex.def Info: cc-by-nc-sa.png  used on input line 199.
(pdftex.def)             Requested size: 40.64pt x 14.22636pt.
[5 <./figures/Fig01.png>]
<figures/Fig10a.png, id=191, 148.73166pt x 147.86443pt>
File: figures/Fig10a.png Graphic file (type png)
<use figures/Fig10a.png>
Package pdftex.def Info: figures/Fig10a.png  used on input line 222.
(pdftex.def)             Requested size: 85.86044pt x 85.35826pt.
LaTeX Font Info:    Font shape `T1/opensans-TOsF/m/n' will be
(Font)              scaled to size 7.59998pt on input line 222.
LaTeX Font Info:    Font shape `T1/opensans-TOsF/b/n' will be
(Font)              scaled to size 7.59998pt on input line 222.
<figures/Fig10b.png, id=192, 148.73166pt x 147.86443pt>
File: figures/Fig10b.png Graphic file (type png)
<use figures/Fig10b.png>
Package pdftex.def Info: figures/Fig10b.png  used on input line 223.
(pdftex.def)             Requested size: 85.86044pt x 85.35826pt.
<figures/Fig10c.png, id=193, 148.73166pt x 147.86443pt>
File: figures/Fig10c.png Graphic file (type png)
<use figures/Fig10c.png>
Package pdftex.def Info: figures/Fig10c.png  used on input line 224.
(pdftex.def)             Requested size: 85.86044pt x 85.35826pt.
LaTeX Font Info:    Trying to load font information for TS1+opensans-TOsF on input line 249.
 (/usr/share/texlive/texmf-dist/tex/latex/opensans/TS1opensans-TOsF.fd
File: TS1opensans-TOsF.fd 2019/06/24 Font definitions for TS1/opensans-TOsF.
)
LaTeX Font Info:    Font shape `TS1/opensans-TOsF/m/n' will be
(Font)              scaled to size 9.49997pt on input line 249.


Package fancyhdr Warning: \headheight is too small (12.0pt): 
(fancyhdr)                Make it at least 12.4464pt, for example:
(fancyhdr)                \setlength{\headheight}{12.4464pt}.
(fancyhdr)                You might also make \topmargin smaller to compensate:
(fancyhdr)                \addtolength{\topmargin}{-0.4464pt}.

File: cc-by-nc-sa.png Graphic file (type png)
<use cc-by-nc-sa.png>
Package pdftex.def Info: cc-by-nc-sa.png  used on input line 250.
(pdftex.def)             Requested size: 40.64pt x 14.22636pt.
[6 <./figures/Fig10a.png> <./figures/Fig10b.png> <./figures/Fig10c.png>]
<figures/Fig11a.png, id=216, 148.73166pt x 147.86443pt>
File: figures/Fig11a.png Graphic file (type png)
<use figures/Fig11a.png>
Package pdftex.def Info: figures/Fig11a.png  used on input line 258.
(pdftex.def)             Requested size: 85.86044pt x 85.35826pt.
<figures/Fig11b.png, id=217, 148.73166pt x 147.86443pt>
File: figures/Fig11b.png Graphic file (type png)
<use figures/Fig11b.png>
Package pdftex.def Info: figures/Fig11b.png  used on input line 259.
(pdftex.def)             Requested size: 85.86044pt x 85.35826pt.
<figures/Fig11c.png, id=218, 148.73166pt x 147.86443pt>
File: figures/Fig11c.png Graphic file (type png)
<use figures/Fig11c.png>
Package pdftex.def Info: figures/Fig11c.png  used on input line 260.
(pdftex.def)             Requested size: 85.86044pt x 85.35826pt.

Overfull \hbox (0.38852pt too wide) in paragraph at lines 282--282
[]\T1/opensans-TOsF/b/n/12 Éventail des pos-si-bi-li-tés lors d'un re-froi-dis-se-ment : DSC et re-froi-dis-se-ment ther-mique 
 []


Overfull \hbox (5.55098pt too wide) in paragraph at lines 288--289
[]\T1/opensans-TOsF/m/sc/10 Les corps purs, c'est-à-dire $[]$, $[]$ ou un quel-conque com-posé dé-fini $[][][] [][][]$, pré-sentent en gé-né-ral une fu-sion congruente
 []

<figures/Fig02.png, id=225, 269.71164pt x 224.47063pt>
File: figures/Fig02.png Graphic file (type png)
<use figures/Fig02.png>
Package pdftex.def Info: figures/Fig02.png  used on input line 295.
(pdftex.def)             Requested size: 245.82962pt x 204.59738pt.

Package caption Warning: The option `hypcap=true' will be ignored for this
(caption)                particular \caption on input line 297.
See the caption package documentation for explanation.


Underfull \vbox (badness 2884) has occurred while \output is active []



Package fancyhdr Warning: \headheight is too small (12.0pt): 
(fancyhdr)                Make it at least 12.4464pt, for example:
(fancyhdr)                \setlength{\headheight}{12.4464pt}.
(fancyhdr)                You might also make \topmargin smaller to compensate:
(fancyhdr)                \addtolength{\topmargin}{-0.4464pt}.

File: cc-by-nc-sa.png Graphic file (type png)
<use cc-by-nc-sa.png>
Package pdftex.def Info: cc-by-nc-sa.png  used on input line 300.
(pdftex.def)             Requested size: 40.64pt x 14.22636pt.
[7{/usr/share/texlive/texmf-dist/fonts/enc/dvips/opensans/a_nvvucy.enc} <./figures/Fig11a.png> <./figures/Fig11b.png> <./figures/Fig11c.png>]

Package caption Warning: The option `hypcap=true' will be ignored for this
(caption)                particular \caption on input line 317.
See the caption package documentation for explanation.


Overfull \hbox (4.58794pt too wide) in paragraph at lines 306--317
 [] 
 []


Package caption Warning: The option `hypcap=true' will be ignored for this
(caption)                particular \caption on input line 333.
See the caption package documentation for explanation.


Overfull \hbox (4.58794pt too wide) in paragraph at lines 322--333
 [] 
 []


Package caption Warning: The option `hypcap=true' will be ignored for this
(caption)                particular \caption on input line 349.
See the caption package documentation for explanation.


Overfull \hbox (4.58794pt too wide) in paragraph at lines 338--349
 [] 
 []

<figures/Fig03.png, id=239, 283.44295pt x 208.71576pt>
File: figures/Fig03.png Graphic file (type png)
<use figures/Fig03.png>
Package pdftex.def Info: figures/Fig03.png  used on input line 359.
(pdftex.def)             Requested size: 245.82962pt x 181.02072pt.

Package caption Warning: The option `hypcap=true' will be ignored for this
(caption)                particular \caption on input line 361.
See the caption package documentation for explanation.

LaTeX Font Info:    Font shape `T1/opensans-TOsF/m/it' will be
(Font)              scaled to size 9.49997pt on input line 361.

Package fancyhdr Warning: \headheight is too small (12.0pt): 
(fancyhdr)                Make it at least 12.4464pt, for example:
(fancyhdr)                \setlength{\headheight}{12.4464pt}.
(fancyhdr)                You might also make \topmargin smaller to compensate:
(fancyhdr)                \addtolength{\topmargin}{-0.4464pt}.

File: cc-by-nc-sa.png Graphic file (type png)
<use cc-by-nc-sa.png>
Package pdftex.def Info: cc-by-nc-sa.png  used on input line 364.
(pdftex.def)             Requested size: 40.64pt x 14.22636pt.
[8 <./figures/Fig02.png>]

Package caption Warning: The option `hypcap=true' will be ignored for this
(caption)                particular \caption on input line 381.
See the caption package documentation for explanation.


Overfull \hbox (4.58794pt too wide) in paragraph at lines 370--381
 [] 
 []


Package caption Warning: The option `hypcap=true' will be ignored for this
(caption)                particular \caption on input line 397.
See the caption package documentation for explanation.


Overfull \hbox (4.58794pt too wide) in paragraph at lines 386--397
 [] 
 []


Package caption Warning: The option `hypcap=true' will be ignored for this
(caption)                particular \caption on input line 413.
See the caption package documentation for explanation.


Overfull \hbox (4.58794pt too wide) in paragraph at lines 402--413
 [] 
 []

LaTeX Font Info:    Trying to load font information for U+fontawesomethree on input line 418.
(/usr/share/texlive/texmf-dist/tex/latex/fontawesome/ufontawesomethree.fd
File: ufontawesomethree.fd 2016/05/22 Font definitions for U/fontawesomethree.
)

Package fancyhdr Warning: \headheight is too small (12.0pt): 
(fancyhdr)                Make it at least 12.4464pt, for example:
(fancyhdr)                \setlength{\headheight}{12.4464pt}.
(fancyhdr)                You might also make \topmargin smaller to compensate:
(fancyhdr)                \addtolength{\topmargin}{-0.4464pt}.

File: cc-by-nc-sa.png Graphic file (type png)
<use cc-by-nc-sa.png>
Package pdftex.def Info: cc-by-nc-sa.png  used on input line 425.
(pdftex.def)             Requested size: 40.64pt x 14.22636pt.
[9{/usr/share/texlive/texmf-dist/fonts/enc/dvips/fontawesome/fontawesomethree.enc} <./figures/Fig03.png>]
<figures/Fig04.png, id=260, 272.16882pt x 209.00484pt>
File: figures/Fig04.png Graphic file (type png)
<use figures/Fig04.png>
Package pdftex.def Info: figures/Fig04.png  used on input line 432.
(pdftex.def)             Requested size: 245.82962pt x 188.78508pt.


Package caption Warning: The option `hypcap=true' will be ignored for this
(caption)                particular \caption on input line 434.
See the caption package documentation for explanation.


Package caption Warning: The option `hypcap=true' will be ignored for this
(caption)                particular \caption on input line 454.
See the caption package documentation for explanation.


Overfull \hbox (4.58794pt too wide) in paragraph at lines 443--454
 [] 
 []


Package caption Warning: The option `hypcap=true' will be ignored for this
(caption)                particular \caption on input line 470.
See the caption package documentation for explanation.


Overfull \hbox (4.58794pt too wide) in paragraph at lines 459--470
 [] 
 []


Package caption Warning: The option `hypcap=true' will be ignored for this
(caption)                particular \caption on input line 486.
See the caption package documentation for explanation.


Overfull \hbox (4.58794pt too wide) in paragraph at lines 475--486
 [] 
 []


Package caption Warning: The option `hypcap=true' will be ignored for this
(caption)                particular \caption on input line 502.
See the caption package documentation for explanation.


Overfull \hbox (4.58794pt too wide) in paragraph at lines 491--502
 [] 
 []


Package fancyhdr Warning: \headheight is too small (12.0pt): 
(fancyhdr)                Make it at least 12.4464pt, for example:
(fancyhdr)                \setlength{\headheight}{12.4464pt}.
(fancyhdr)                You might also make \topmargin smaller to compensate:
(fancyhdr)                \addtolength{\topmargin}{-0.4464pt}.

File: cc-by-nc-sa.png Graphic file (type png)
<use cc-by-nc-sa.png>
Package pdftex.def Info: cc-by-nc-sa.png  used on input line 502.
(pdftex.def)             Requested size: 40.64pt x 14.22636pt.
[10 <./figures/Fig04.png>]
<figures/Fig05.png, id=272, 269.71164pt x 208.71576pt>
File: figures/Fig05.png Graphic file (type png)
<use figures/Fig05.png>
Package pdftex.def Info: figures/Fig05.png  used on input line 510.
(pdftex.def)             Requested size: 245.82962pt x 190.23737pt.


Package caption Warning: The option `hypcap=true' will be ignored for this
(caption)                particular \caption on input line 512.
See the caption package documentation for explanation.


Package caption Warning: The option `hypcap=true' will be ignored for this
(caption)                particular \caption on input line 532.
See the caption package documentation for explanation.


Overfull \hbox (4.58794pt too wide) in paragraph at lines 521--532
 [] 
 []


Package caption Warning: The option `hypcap=true' will be ignored for this
(caption)                particular \caption on input line 548.
See the caption package documentation for explanation.


Overfull \hbox (4.58794pt too wide) in paragraph at lines 537--548
 [] 
 []


Package caption Warning: The option `hypcap=true' will be ignored for this
(caption)                particular \caption on input line 564.
See the caption package documentation for explanation.


Overfull \hbox (4.58794pt too wide) in paragraph at lines 553--564
 [] 
 []


Package fancyhdr Warning: \headheight is too small (12.0pt): 
(fancyhdr)                Make it at least 12.4464pt, for example:
(fancyhdr)                \setlength{\headheight}{12.4464pt}.
(fancyhdr)                You might also make \topmargin smaller to compensate:
(fancyhdr)                \addtolength{\topmargin}{-0.4464pt}.

File: cc-by-nc-sa.png Graphic file (type png)
<use cc-by-nc-sa.png>
Package pdftex.def Info: cc-by-nc-sa.png  used on input line 565.
(pdftex.def)             Requested size: 40.64pt x 14.22636pt.
[11 <./figures/Fig05.png>]

Package caption Warning: The option `hypcap=true' will be ignored for this
(caption)                particular \caption on input line 585.
See the caption package documentation for explanation.

<figures/Fig06a.png, id=282, 367.27614pt x 183.42126pt>
File: figures/Fig06a.png Graphic file (type png)
<use figures/Fig06a.png>
Package pdftex.def Info: figures/Fig06a.png  used on input line 610.
(pdftex.def)             Requested size: 245.82962pt x 122.77126pt.

Package caption Warning: The option `hypcap=true' will be ignored for this
(caption)                particular \caption on input line 612.
See the caption package documentation for explanation.

<figures/Fig06b.png, id=283, 367.27614pt x 183.42126pt>
File: figures/Fig06b.png Graphic file (type png)
<use figures/Fig06b.png>
Package pdftex.def Info: figures/Fig06b.png  used on input line 622.
(pdftex.def)             Requested size: 245.82962pt x 122.77126pt.

Package caption Warning: The option `hypcap=true' will be ignored for this
(caption)                particular \caption on input line 624.
See the caption package documentation for explanation.

<figures/Fig06c.png, id=284, 367.27614pt x 183.42126pt>
File: figures/Fig06c.png Graphic file (type png)
<use figures/Fig06c.png>
Package pdftex.def Info: figures/Fig06c.png  used on input line 635.
(pdftex.def)             Requested size: 245.82962pt x 122.77126pt.

Package caption Warning: The option `hypcap=true' will be ignored for this
(caption)                particular \caption on input line 637.
See the caption package documentation for explanation.


Package fancyhdr Warning: \headheight is too small (12.0pt): 
(fancyhdr)                Make it at least 12.4464pt, for example:
(fancyhdr)                \setlength{\headheight}{12.4464pt}.
(fancyhdr)                You might also make \topmargin smaller to compensate:
(fancyhdr)                \addtolength{\topmargin}{-0.4464pt}.

File: cc-by-nc-sa.png Graphic file (type png)
<use cc-by-nc-sa.png>
Package pdftex.def Info: cc-by-nc-sa.png  used on input line 641.
(pdftex.def)             Requested size: 40.64pt x 14.22636pt.
[12 <./figures/Fig06a.png> <./figures/Fig06b.png>]
<figures/Fig07.png, id=295, 367.27614pt x 183.42126pt>
File: figures/Fig07.png Graphic file (type png)
<use figures/Fig07.png>
Package pdftex.def Info: figures/Fig07.png  used on input line 650.
(pdftex.def)             Requested size: 245.82962pt x 122.77126pt.


Package caption Warning: The option `hypcap=true' will be ignored for this
(caption)                particular \caption on input line 652.
See the caption package documentation for explanation.

<figures/Fig17-Bi60Cd40.jpg, id=296, 501.875pt x 501.875pt>
File: figures/Fig17-Bi60Cd40.jpg Graphic file (type jpg)
<use figures/Fig17-Bi60Cd40.jpg>
Package pdftex.def Info: figures/Fig17-Bi60Cd40.jpg  used on input line 662.
(pdftex.def)             Requested size: 128.0374pt x 128.03386pt.
<figures/Fig17-Bi80Cd20.jpg, id=297, 501.875pt x 501.875pt>
File: figures/Fig17-Bi80Cd20.jpg Graphic file (type jpg)
<use figures/Fig17-Bi80Cd20.jpg>
Package pdftex.def Info: figures/Fig17-Bi80Cd20.jpg  used on input line 662.
(pdftex.def)             Requested size: 128.0374pt x 128.03386pt.
<figures/Fig17-PhaseDiagram.jpg, id=298, 236.5638pt x 196.5744pt>
File: figures/Fig17-PhaseDiagram.jpg Graphic file (type jpg)
<use figures/Fig17-PhaseDiagram.jpg>
Package pdftex.def Info: figures/Fig17-PhaseDiagram.jpg  used on input line 662.
(pdftex.def)             Requested size: 143.40126pt x 119.16032pt.

Package caption Warning: The option `hypcap=true' will be ignored for this
(caption)                particular \caption on input line 665.
See the caption package documentation for explanation.


Package fancyhdr Warning: \headheight is too small (12.0pt): 
(fancyhdr)                Make it at least 12.4464pt, for example:
(fancyhdr)                \setlength{\headheight}{12.4464pt}.
(fancyhdr)                You might also make \topmargin smaller to compensate:
(fancyhdr)                \addtolength{\topmargin}{-0.4464pt}.

File: cc-by-nc-sa.png Graphic file (type png)
<use cc-by-nc-sa.png>
Package pdftex.def Info: cc-by-nc-sa.png  used on input line 679.
(pdftex.def)             Requested size: 40.64pt x 14.22636pt.
[13 <./figures/Fig06c.png> <./figures/Fig07.png> <./figures/Fig17-Bi60Cd40.jpg> <./figures/Fig17-Bi80Cd20.jpg> <./figures/Fig17-PhaseDiagram.jpg>]
<figures/Fig08.png, id=310, 367.27614pt x 183.42126pt>
File: figures/Fig08.png Graphic file (type png)
<use figures/Fig08.png>
Package pdftex.def Info: figures/Fig08.png  used on input line 683.
(pdftex.def)             Requested size: 245.82962pt x 122.77126pt.


Package caption Warning: The option `hypcap=true' will be ignored for this
(caption)                particular \caption on input line 685.
See the caption package documentation for explanation.

<figures/Fig15-Bi10Sn90.jpg, id=311, 702.625pt x 481.8pt>
File: figures/Fig15-Bi10Sn90.jpg Graphic file (type jpg)
<use figures/Fig15-Bi10Sn90.jpg>
Package pdftex.def Info: figures/Fig15-Bi10Sn90.jpg  used on input line 695.
(pdftex.def)             Requested size: 92.18318pt x 63.20963pt.
<figures/Fig15-Bi20Sn80.jpg, id=312, 702.625pt x 481.8pt>
File: figures/Fig15-Bi20Sn80.jpg Graphic file (type jpg)
<use figures/Fig15-Bi20Sn80.jpg>
Package pdftex.def Info: figures/Fig15-Bi20Sn80.jpg  used on input line 695.
(pdftex.def)             Requested size: 92.18318pt x 63.20963pt.
<figures/Fig15-Bi30Sn70.jpg, id=313, 702.625pt x 481.8pt>
File: figures/Fig15-Bi30Sn70.jpg Graphic file (type jpg)
<use figures/Fig15-Bi30Sn70.jpg>
Package pdftex.def Info: figures/Fig15-Bi30Sn70.jpg  used on input line 695.
(pdftex.def)             Requested size: 92.18318pt x 63.20963pt.
<figures/Fig15-Bi40Sn60.jpg, id=314, 199.1693pt x 136.57323pt>
File: figures/Fig15-Bi40Sn60.jpg Graphic file (type jpg)
<use figures/Fig15-Bi40Sn60.jpg>
Package pdftex.def Info: figures/Fig15-Bi40Sn60.jpg  used on input line 695.
(pdftex.def)             Requested size: 92.18318pt x 63.21205pt.
<figures/Fig15-Bi50Sn50.jpg, id=315, 702.625pt x 481.8pt>
File: figures/Fig15-Bi50Sn50.jpg Graphic file (type jpg)
<use figures/Fig15-Bi50Sn50.jpg>
Package pdftex.def Info: figures/Fig15-Bi50Sn50.jpg  used on input line 695.
(pdftex.def)             Requested size: 92.18318pt x 63.20963pt.
<figures/Fig15-Bi60Sn40.jpg, id=316, 199.1693pt x 136.57323pt>
File: figures/Fig15-Bi60Sn40.jpg Graphic file (type jpg)
<use figures/Fig15-Bi60Sn40.jpg>
Package pdftex.def Info: figures/Fig15-Bi60Sn40.jpg  used on input line 699.
(pdftex.def)             Requested size: 92.18318pt x 63.21205pt.
<figures/Fig15-Bi70Sn30.jpg, id=317, 199.1693pt x 136.57323pt>
File: figures/Fig15-Bi70Sn30.jpg Graphic file (type jpg)
<use figures/Fig15-Bi70Sn30.jpg>
Package pdftex.def Info: figures/Fig15-Bi70Sn30.jpg  used on input line 699.
(pdftex.def)             Requested size: 92.18318pt x 63.21205pt.
<figures/Fig15-Bi80Sn20.jpg, id=318, 702.625pt x 481.8pt>
File: figures/Fig15-Bi80Sn20.jpg Graphic file (type jpg)
<use figures/Fig15-Bi80Sn20.jpg>
Package pdftex.def Info: figures/Fig15-Bi80Sn20.jpg  used on input line 699.
(pdftex.def)             Requested size: 92.18318pt x 63.20963pt.
<figures/Fig15-Bi90Sn10.jpg, id=319, 199.1693pt x 136.57323pt>
File: figures/Fig15-Bi90Sn10.jpg Graphic file (type jpg)
<use figures/Fig15-Bi90Sn10.jpg>
Package pdftex.def Info: figures/Fig15-Bi90Sn10.jpg  used on input line 699.
(pdftex.def)             Requested size: 92.18318pt x 63.21205pt.
<figures/Fig15-PhaseDiagram.png, id=320, 614.295pt x 461.725pt>
File: figures/Fig15-PhaseDiagram.png Graphic file (type png)
<use figures/Fig15-PhaseDiagram.png>
Package pdftex.def Info: figures/Fig15-PhaseDiagram.png  used on input line 699.
(pdftex.def)             Requested size: 92.18318pt x 69.28394pt.

Package caption Warning: The option `hypcap=true' will be ignored for this
(caption)                particular \caption on input line 702.
See the caption package documentation for explanation.


Overfull \hbox (8.76636pt too wide) in paragraph at lines 691--702
 [] 
 []

<figures/Fig09.png, id=321, 367.27614pt x 183.42126pt>
File: figures/Fig09.png Graphic file (type png)
<use figures/Fig09.png>
Package pdftex.def Info: figures/Fig09.png  used on input line 714.
(pdftex.def)             Requested size: 245.82962pt x 122.77126pt.

Package caption Warning: The option `hypcap=true' will be ignored for this
(caption)                particular \caption on input line 716.
See the caption package documentation for explanation.

<figures/Fig09b.png, id=322, 675.52374pt x 495.8525pt>
File: figures/Fig09b.png Graphic file (type png)
<use figures/Fig09b.png>
Package pdftex.def Info: figures/Fig09b.png  used on input line 735.
(pdftex.def)             Requested size: 230.80675pt x 169.41989pt.

Package caption Warning: The option `hypcap=true' will be ignored for this
(caption)                particular \caption on input line 735.
See the caption package documentation for explanation.


Package siunitx Warning: Unit macro \bar has been deprecated in this release.
(siunitx)                
(siunitx)                The BIPM have removed this unit from the SI Brochure.
(siunitx)                You should define it yourself using \DeclareSIUnit in
(siunitx)                your source. The current definition is
(siunitx)                
(siunitx)                \DeclareSIUnit\bar{bar}


Underfull \hbox (badness 10000) in paragraph at lines 735--735
[]\T1/opensans-TOsF/b/sc/10 Figure 2.27 ^^U |[]\T1/opensans-TOsF/m/sc/10 Diagramme bi-naire iso-bare so-
 []


Package fancyhdr Warning: \headheight is too small (12.0pt): 
(fancyhdr)                Make it at least 12.4464pt, for example:
(fancyhdr)                \setlength{\headheight}{12.4464pt}.
(fancyhdr)                You might also make \topmargin smaller to compensate:
(fancyhdr)                \addtolength{\topmargin}{-0.4464pt}.

File: cc-by-nc-sa.png Graphic file (type png)
<use cc-by-nc-sa.png>
Package pdftex.def Info: cc-by-nc-sa.png  used on input line 735.
(pdftex.def)             Requested size: 40.64pt x 14.22636pt.
[14 <./figures/Fig08.png> <./figures/Fig15-Bi10Sn90.jpg> <./figures/Fig15-Bi20Sn80.jpg> <./figures/Fig15-Bi30Sn70.jpg> <./figures/Fig15-Bi40Sn60.jpg> <./figures/Fig15-Bi50Sn50.jpg> <./figures/Fig15-Bi60Sn40.jpg> <./figures/Fig15-Bi70Sn30.jpg> <./figures/Fig15-Bi80Sn20.jpg> <./figures/Fig15-Bi90Sn10.jpg> <./figures/Fig15-PhaseDiagram.png (PNG copy)> <./figures/Fig09.png>]
LaTeX Font Info:    Trying to load font information for U+fontawesometwo on input line 750.
 (/usr/share/texlive/texmf-dist/tex/latex/fontawesome/ufontawesometwo.fd
File: ufontawesometwo.fd 2016/05/22 Font definitions for U/fontawesometwo.
) (./Chp3-Ex/Fractions-Ex01/Ex.tex
Overfull \hbox (18.43246pt too wide) detected at line 9
[]
 []

) (./Chp3-Ex/Fractions-Ex02/Ex.tex)

Package fancyhdr Warning: \headheight is too small (12.0pt): 
(fancyhdr)                Make it at least 12.4464pt, for example:
(fancyhdr)                \setlength{\headheight}{12.4464pt}.
(fancyhdr)                You might also make \topmargin smaller to compensate:
(fancyhdr)                \addtolength{\topmargin}{-0.4464pt}.

File: cc-by-nc-sa.png Graphic file (type png)
<use cc-by-nc-sa.png>
Package pdftex.def Info: cc-by-nc-sa.png  used on input line 754.
(pdftex.def)             Requested size: 40.64pt x 14.22636pt.
[15{/usr/share/texlive/texmf-dist/fonts/enc/dvips/fontawesome/fontawesometwo.enc} <./figures/Fig09b.png>]
LaTeX Font Info:    External font `lmex10' loaded for size
(Font)              <12> on input line 756.
LaTeX Font Info:    External font `lmex10' loaded for size
(Font)              <8> on input line 756.
LaTeX Font Info:    External font `lmex10' loaded for size
(Font)              <6> on input line 756.
LaTeX Font Info:    Font shape `T1/opensans-TOsF/b/n' will be
(Font)              scaled to size 5.69998pt on input line 756.


Package hyperref Warning: Token not allowed in a PDF string (Unicode):
(hyperref)                removing `\mhchem@cee' on input line 756.

<figures/Fig13a.png, id=346, 202.21146pt x 163.61928pt>
File: figures/Fig13a.png Graphic file (type png)
<use figures/Fig13a.png>
Package pdftex.def Info: figures/Fig13a.png  used on input line 765.
(pdftex.def)             Requested size: 133.62349pt x 108.12054pt.
<figures/Fig13b.png, id=347, 203.65686pt x 164.7756pt>
File: figures/Fig13b.png Graphic file (type png)
<use figures/Fig13b.png>
Package pdftex.def Info: figures/Fig13b.png  used on input line 766.
(pdftex.def)             Requested size: 133.63394pt x 108.12054pt.
<figures/Fig13c.png, id=348, 202.21146pt x 164.48653pt>
File: figures/Fig13c.png Graphic file (type png)
<use figures/Fig13c.png>
Package pdftex.def Info: figures/Fig13c.png  used on input line 767.
(pdftex.def)             Requested size: 132.91692pt x 108.12054pt.

Underfull \hbox (badness 10000) in paragraph at lines 769--769
\T1/opensans-TOsF/m/sc/10 un dia-gramme à
 []


Underfull \hbox (badness 10000) in paragraph at lines 769--769
[][]\T1/opensans-TOsF/m/sc/10 2.28a[][] fu-seau (mis-
 []


Underfull \hbox (badness 10000) in paragraph at lines 769--769
\T1/opensans-TOsF/m/sc/10 cible) ; [][]2.28b[][] non
 []


Underfull \hbox (badness 1603) in paragraph at lines 769--769
\T1/opensans-TOsF/m/sc/10 mis-cible ; [][]2.28c[][] mis-
 []

LaTeX Font Info:    Font shape `T1/opensans-TOsF/m/sc' will be
(Font)              scaled to size 6.64998pt on input line 779.
LaTeX Font Info:    Font shape `T1/opensans-TOsF/m/sc' will be
(Font)              scaled to size 4.74998pt on input line 779.
(./Chp3-Ex/Homogene-Ex02/Ex.tex
</home/jeff/Documents/IUTOrsay/1-Cours/4p13-Alliages/Cours-TD/n-3-Lecture&Utilisation_Binaires&Ternaires/Chp3-Ex/Homogene-Ex02/figures/Fig01.jpg, id=355, 501.875pt x 501.875pt>
File: /home/jeff/Documents/IUTOrsay/1-Cours/4p13-Alliages/Cours-TD/n-3-Lecture&Utilisation_Binaires&Ternaires/Chp3-Ex/Homogene-Ex02/figures/Fig01.jpg Graphic file (type jpg)
<use /home/jeff/Documents/IUTOrsay/1-Cours/4p13-Alliages/Cours-TD/n-3-Lecture&Utilisation_Binaires&Ternaires/Chp3-Ex/Homogene-Ex02/figures/Fig01.jpg>
Package pdftex.def Info: /home/jeff/Documents/IUTOrsay/1-Cours/4p13-Alliages/Cours-TD/n-3-Lecture&Utilisation_Binaires&Ternaires/Chp3-Ex/Homogene-Ex02/figures/Fig01.jpg  used on input line 8.
(pdftex.def)             Requested size: 115.40337pt x 115.39818pt.


Package caption Warning: The option `hypcap=true' will be ignored for this
(caption)                particular \caption on input line 10.
See the caption package documentation for explanation.

)
Underfull \vbox (badness 1194) has occurred while \output is active []



Package fancyhdr Warning: \headheight is too small (12.0pt): 
(fancyhdr)                Make it at least 12.4464pt, for example:
(fancyhdr)                \setlength{\headheight}{12.4464pt}.
(fancyhdr)                You might also make \topmargin smaller to compensate:
(fancyhdr)                \addtolength{\topmargin}{-0.4464pt}.

File: cc-by-nc-sa.png Graphic file (type png)
<use cc-by-nc-sa.png>
Package pdftex.def Info: cc-by-nc-sa.png  used on input line 795.
(pdftex.def)             Requested size: 40.64pt x 14.22636pt.
[16 <./figures/Fig13a.png> <./figures/Fig13b.png> <./figures/Fig13c.png> </home/jeff/Documents/IUTOrsay/1-Cours/4p13-Alliages/Cours-TD/n-3-Lecture&Utilisation_Binaires&Ternaires/Chp3-Ex/Homogene-Ex02/figures/Fig01.jpg>]
<figures/Fig14.png, id=371, 186.31206pt x 153.79056pt>
File: figures/Fig14.png Graphic file (type png)
<use figures/Fig14.png>
Package pdftex.def Info: figures/Fig14.png  used on input line 801.
(pdftex.def)             Requested size: 130.98326pt x 108.12054pt.
File: figures/Fig14.png Graphic file (type png)
<use figures/Fig14.png>
Package pdftex.def Info: figures/Fig14.png  used on input line 802.
(pdftex.def)             Requested size: 130.98326pt x 108.12054pt.
File: figures/Fig14.png Graphic file (type png)
<use figures/Fig14.png>
Package pdftex.def Info: figures/Fig14.png  used on input line 803.
(pdftex.def)             Requested size: 130.98326pt x 108.12054pt.

Underfull \hbox (badness 3568) in paragraph at lines 805--805
[]\T1/opensans-TOsF/b/sc/10 Figure 2.30 ^^U |\T1/opensans-TOsF/m/sc/10 Évo-
 []


Underfull \hbox (badness 10000) in paragraph at lines 805--805
\T1/opensans-TOsF/m/sc/10 lu-tion des masses
 []


Underfull \hbox (badness 3849) in paragraph at lines 805--805
\T1/opensans-TOsF/m/sc/10 pour une com-po-si-
 []


Underfull \hbox (badness 2932) in paragraph at lines 805--805
\T1/opensans-TOsF/m/sc/10 dia-gramme à [][]2.30a[][]
 []


Underfull \hbox (badness 10000) in paragraph at lines 805--805
\T1/opensans-TOsF/m/sc/10 fu-seau (mis-cible) ;
 []


Underfull \hbox (badness 1308) in paragraph at lines 805--805
[][]\T1/opensans-TOsF/m/sc/10 2.30b[][] non mis-cible ;
 []


Underfull \hbox (badness 10000) in paragraph at lines 805--805
[][]\T1/opensans-TOsF/m/sc/10 2.30c[][] mis-ci-bi-lité
 []

<figures/Fig12a.pdf, id=378, 865.2325pt x 1003.75pt>
File: figures/Fig12a.pdf Graphic file (type pdf)
<use figures/Fig12a.pdf>
Package pdftex.def Info: figures/Fig12a.pdf  used on input line 822.
(pdftex.def)             Requested size: 307.2929pt x 356.47925pt.

Package caption Warning: The option `hypcap=true' will be ignored for this
(caption)                particular \caption on input line 824.
See the caption package documentation for explanation.


Underfull \hbox (badness 4846) in paragraph at lines 824--824
[]\T1/opensans-TOsF/b/sc/10 Figure 2.31 ^^U |[]\T1/opensans-TOsF/m/sc/10 Diagramme fer-carbone
 []


Underfull \vbox (badness 10000) has occurred while \output is active []



Package fancyhdr Warning: \headheight is too small (12.0pt): 
(fancyhdr)                Make it at least 12.4464pt, for example:
(fancyhdr)                \setlength{\headheight}{12.4464pt}.
(fancyhdr)                You might also make \topmargin smaller to compensate:
(fancyhdr)                \addtolength{\topmargin}{-0.4464pt}.

File: cc-by-nc-sa.png Graphic file (type png)
<use cc-by-nc-sa.png>
Package pdftex.def Info: cc-by-nc-sa.png  used on input line 825.
(pdftex.def)             Requested size: 40.64pt x 14.22636pt.
[17 <./figures/Fig14.png>]
<figures/Fig20.png, id=389, 262.48463pt x 172.7253pt>
File: figures/Fig20.png Graphic file (type png)
<use figures/Fig20.png>
Package pdftex.def Info: figures/Fig20.png  used on input line 839.
(pdftex.def)             Requested size: 297.04771pt x 195.4804pt.


Package caption Warning: The option `hypcap=true' will be ignored for this
(caption)                particular \caption on input line 841.
See the caption package documentation for explanation.


Package fancyhdr Warning: \headheight is too small (12.0pt): 
(fancyhdr)                Make it at least 12.4464pt, for example:
(fancyhdr)                \setlength{\headheight}{12.4464pt}.
(fancyhdr)                You might also make \topmargin smaller to compensate:
(fancyhdr)                \addtolength{\topmargin}{-0.4464pt}.

File: cc-by-nc-sa.png Graphic file (type png)
<use cc-by-nc-sa.png>
Package pdftex.def Info: cc-by-nc-sa.png  used on input line 856.
(pdftex.def)             Requested size: 40.64pt x 14.22636pt.
[18 <./figures/Fig12a.pdf> <./figures/Fig20.png>]
<figures/Fig12b.pdf, id=399, 1003.75pt x 954.56625pt>
File: figures/Fig12b.pdf Graphic file (type pdf)
<use figures/Fig12b.pdf>
Package pdftex.def Info: figures/Fig12b.pdf  used on input line 863.
(pdftex.def)             Requested size: 307.2929pt x 292.24197pt.


Package caption Warning: The option `hypcap=true' will be ignored for this
(caption)                particular \caption on input line 865.
See the caption package documentation for explanation.


Underfull \hbox (badness 4266) in paragraph at lines 865--865
[]\T1/opensans-TOsF/b/sc/10 Figure 2.33 ^^U |[]\T1/opensans-TOsF/m/sc/10 Diagramme fer-carbone
 []


Underfull \hbox (badness 4096) in paragraph at lines 865--865
\T1/opensans-TOsF/m/sc/10 mé-ta-stable, aussi ap-pelé fer-cémentite
 []


Overfull \hbox (37.27519pt too wide) in paragraph at lines 872--882
 [] 
 []


Overfull \hbox (4.00156pt too wide) in paragraph at lines 892--903
 [][] 
 []


Package caption Warning: The option `hypcap=true' will be ignored for this
(caption)                particular \caption on input line 904.
See the caption package documentation for explanation.

<figures/Fig23-C0p40.jpg, id=402, 289.08pt x 194.4063pt>
File: figures/Fig23-C0p40.jpg Graphic file (type jpg)
<use figures/Fig23-C0p40.jpg>
Package pdftex.def Info: figures/Fig23-C0p40.jpg  used on input line 919.
(pdftex.def)             Requested size: 153.64644pt x 103.32555pt.
<figures/Fig23-C0p80.jpg, id=403, 289.08pt x 192.59955pt>
File: figures/Fig23-C0p80.jpg Graphic file (type jpg)
<use figures/Fig23-C0p80.jpg>
Package pdftex.def Info: figures/Fig23-C0p80.jpg  used on input line 920.
(pdftex.def)             Requested size: 153.64644pt x 102.36526pt.
<figures/Fig23-C1p30.jpg, id=404, 289.08pt x 192.59955pt>
File: figures/Fig23-C1p30.jpg Graphic file (type jpg)
<use figures/Fig23-C1p30.jpg>
Package pdftex.def Info: figures/Fig23-C1p30.jpg  used on input line 921.
(pdftex.def)             Requested size: 153.64644pt x 102.36526pt.

Package fancyhdr Warning: \headheight is too small (12.0pt): 
(fancyhdr)                Make it at least 12.4464pt, for example:
(fancyhdr)                \setlength{\headheight}{12.4464pt}.
(fancyhdr)                You might also make \topmargin smaller to compensate:
(fancyhdr)                \addtolength{\topmargin}{-0.4464pt}.

File: cc-by-nc-sa.png Graphic file (type png)
<use cc-by-nc-sa.png>
Package pdftex.def Info: cc-by-nc-sa.png  used on input line 927.
(pdftex.def)             Requested size: 40.64pt x 14.22636pt.
[19 <./figures/Fig12b.pdf>]
<figures/Fig21.png, id=420, 827.4915pt x 639.01134pt>
File: figures/Fig21.png Graphic file (type png)
<use figures/Fig21.png>
Package pdftex.def Info: figures/Fig21.png  used on input line 939.
(pdftex.def)             Requested size: 419.96643pt x 324.31189pt.

Underfull \hbox (badness 5091) in paragraph at lines 941--941
[]\T1/opensans-TOsF/b/sc/10 Figure 2.35 ^^U |\T1/opensans-TOsF/m/sc/10 Dia-
 []

<figures/Fig22.png, id=421, 189.78102pt x 240.6591pt>
File: figures/Fig22.png Graphic file (type png)
<use figures/Fig22.png>
Package pdftex.def Info: figures/Fig22.png  used on input line 948.
(pdftex.def)             Requested size: 153.64644pt x 194.852pt.
File: figures/Fig22.png Graphic file (type png)
<use figures/Fig22.png>
Package pdftex.def Info: figures/Fig22.png  used on input line 949.
(pdftex.def)             Requested size: 153.64644pt x 194.852pt.
File: figures/Fig22.png Graphic file (type png)
<use figures/Fig22.png>
Package pdftex.def Info: figures/Fig22.png  used on input line 950.
(pdftex.def)             Requested size: 153.64644pt x 194.852pt.
File: figures/Fig22.png Graphic file (type png)
<use figures/Fig22.png>
Package pdftex.def Info: figures/Fig22.png  used on input line 951.
(pdftex.def)             Requested size: 153.64644pt x 194.852pt.
File: figures/Fig22.png Graphic file (type png)
<use figures/Fig22.png>
Package pdftex.def Info: figures/Fig22.png  used on input line 952.
(pdftex.def)             Requested size: 153.64644pt x 194.852pt.

Underfull \vbox (badness 10000) has occurred while \output is active []



Package fancyhdr Warning: \headheight is too small (12.0pt): 
(fancyhdr)                Make it at least 12.4464pt, for example:
(fancyhdr)                \setlength{\headheight}{12.4464pt}.
(fancyhdr)                You might also make \topmargin smaller to compensate:
(fancyhdr)                \addtolength{\topmargin}{-0.4464pt}.

File: cc-by-nc-sa.png Graphic file (type png)
<use cc-by-nc-sa.png>
Package pdftex.def Info: cc-by-nc-sa.png  used on input line 958.
(pdftex.def)             Requested size: 40.64pt x 14.22636pt.
[20 <./figures/Fig23-C0p40.jpg> <./figures/Fig23-C0p80.jpg> <./figures/Fig23-C1p30.jpg> <./figures/Fig21.png>]
<figures/Fig24a-MartensiteAciculaire.jpg, id=432, 251.43938pt x 210.7875pt>
File: figures/Fig24a-MartensiteAciculaire.jpg Graphic file (type jpg)
<use figures/Fig24a-MartensiteAciculaire.jpg>
Package pdftex.def Info: figures/Fig24a-MartensiteAciculaire.jpg  used on input line 969.
(pdftex.def)             Requested size: 153.64644pt x 128.80533pt.
<figures/Fig24b-MartensiteLatte.jpg, id=433, 269.50688pt x 207.77625pt>
File: figures/Fig24b-MartensiteLatte.jpg Graphic file (type jpg)
<use figures/Fig24b-MartensiteLatte.jpg>
Package pdftex.def Info: figures/Fig24b-MartensiteLatte.jpg  used on input line 970.
(pdftex.def)             Requested size: 153.64644pt x 118.45587pt.

Underfull \vbox (badness 10000) has occurred while \output is active []



Package fancyhdr Warning: \headheight is too small (12.0pt): 
(fancyhdr)                Make it at least 12.4464pt, for example:
(fancyhdr)                \setlength{\headheight}{12.4464pt}.
(fancyhdr)                You might also make \topmargin smaller to compensate:
(fancyhdr)                \addtolength{\topmargin}{-0.4464pt}.

File: cc-by-nc-sa.png Graphic file (type png)
<use cc-by-nc-sa.png>
Package pdftex.def Info: cc-by-nc-sa.png  used on input line 976.
(pdftex.def)             Requested size: 40.64pt x 14.22636pt.
[21 <./figures/Fig22.png>]
<figures/Fig25.png, id=450, 928.46875pt x 523.9575pt>
File: figures/Fig25.png Graphic file (type png)
<use figures/Fig25.png>
Package pdftex.def Info: figures/Fig25.png  used on input line 983.
(pdftex.def)             Requested size: 460.93153pt x 260.11528pt.


Package caption Warning: The option `hypcap=true' will be ignored for this
(caption)                particular \caption on input line 984.
See the caption package documentation for explanation.


Package fancyhdr Warning: \headheight is too small (12.0pt): 
(fancyhdr)                Make it at least 12.4464pt, for example:
(fancyhdr)                \setlength{\headheight}{12.4464pt}.
(fancyhdr)                You might also make \topmargin smaller to compensate:
(fancyhdr)                \addtolength{\topmargin}{-0.4464pt}.

File: cc-by-nc-sa.png Graphic file (type png)
<use cc-by-nc-sa.png>
Package pdftex.def Info: cc-by-nc-sa.png  used on input line 1034.
(pdftex.def)             Requested size: 40.64pt x 14.22636pt.
(/usr/share/texlive/texmf-dist/tex/generic/stringenc/se-pdfdoc.def
File: se-pdfdoc.def 2019/11/29 v1.12 stringenc: PDFDocEncoding
) (/usr/share/texlive/texmf-dist/tex/generic/stringenc/se-utf8.def
File: se-utf8.def 2019/11/29 v1.12 stringenc: UTF-8
) [22 <./figures/Fig24a-MartensiteAciculaire.jpg> <./figures/Fig24b-MartensiteLatte.jpg> <./figures/Fig25.png>] (./main.aux)
 ***********
LaTeX2e <2023-11-01> patch level 1
L3 programming layer <2024-01-22>
 ***********


LaTeX Font Warning: Some font shapes were not available, defaults substituted.

Package rerunfilecheck Info: File `main.out' has not changed.
(rerunfilecheck)             Checksum: C0FA205C88E0B925797FA58F5EA353AE;7215.
 ) 
Here is how much of TeX's memory you used:
 44444 strings out of 476039
 936995 string characters out of 5791729
 1949975 words of memory out of 5000000
 65554 multiletter control sequences out of 15000+600000
 597386 words of font info for 111 fonts, out of 8000000 for 9000
 81 hyphenation exceptions out of 8191
 132i,19n,135p,1375b,1308s stack positions out of 10000i,1000n,20000p,200000b,200000s
</usr/share/texlive/texmf-dist/fonts/type1/public/fontawesome/FontAwesome.pfb></usr/share/texlive/texmf-dist/fonts/type1/ascender/opensans/OpenSans-Bold.pfb></usr/share/texlive/texmf-dist/fonts/type1/ascender/opensans/OpenSans-Italic.pfb></usr/share/texlive/texmf-dist/fonts/type1/ascender/opensans/OpenSans-Regular.pfb></usr/share/texmf/fonts/type1/public/lm/lmex10.pfb></usr/share/texmf/fonts/type1/public/lm/lmmi10.pfb></usr/share/texmf/fonts/type1/public/lm/lmmi5.pfb></usr/share/texmf/fonts/type1/public/lm/lmmi7.pfb></usr/share/texmf/fonts/type1/public/lm/lmr10.pfb></usr/share/texmf/fonts/type1/public/lm/lmr5.pfb></usr/share/texmf/fonts/type1/public/lm/lmr7.pfb></usr/share/texmf/fonts/type1/public/lm/lmsy10.pfb></usr/share/texmf/fonts/type1/public/lm/lmsy7.pfb></usr/share/texlive/texmf-dist/fonts/type1/public/stmaryrd/stmary10.pfb>
Output written on main.pdf (22 pages, 8572161 bytes).
PDF statistics:
 564 PDF objects out of 1000 (max. 8388607)
 409 compressed objects within 5 object streams
 133 named destinations out of 1000 (max. 500000)
 473 words of extra memory for PDF output out of 10000 (max. 10000000)

